frame,episode,ep_return,mean100,epsilon,loss
154,1,1.0,1.0,0.9998537,
333,2,1.0,1.0,0.99968365,
460,3,0.0,0.6666666666666666,0.999563,
611,4,0.0,0.5,0.99941955,
737,5,0.0,0.4,0.99929985,
875,6,0.0,0.3333333333333333,0.99916875,
1089,7,2.0,0.5714285714285714,0.99896545,
1213,8,0.0,0.5,0.99884765,
1356,9,0.0,0.4444444444444444,0.9987118,
1521,10,1.0,0.5,0.99855505,
1698,11,1.0,0.5454545454545454,0.9983869,
1880,12,1.0,0.5833333333333334,0.998214,
2178,13,4.0,0.8461538461538461,0.9979309,
2397,14,1.0,0.8571428571428571,0.99772285,
2584,15,1.0,0.8666666666666667,0.9975452,
2718,16,0.0,0.8125,0.9974179,
2854,17,0.0,0.7647058823529411,0.9972887,
2982,18,0.0,0.7222222222222222,0.9971671,
3118,19,0.0,0.6842105263157895,0.9970379,
3241,20,0.0,0.65,0.99692105,
3402,21,1.0,0.6666666666666666,0.9967681,
3559,22,1.0,0.6818181818181818,0.99661895,
3714,23,1.0,0.6956521739130435,0.9964717,
3842,24,0.0,0.6666666666666666,0.9963501,
3970,25,0.0,0.64,0.9962285,
4262,26,4.0,0.7692307692307693,0.9959511,
4396,27,0.0,0.7407407407407407,0.9958238,
4541,28,0.0,0.7142857142857143,0.99568605,
4711,29,1.0,0.7241379310344828,0.99552455,
4877,30,1.0,0.7333333333333333,0.99536685,
5101,31,2.0,0.7741935483870968,0.99515405,
5238,32,0.0,0.75,0.9950239,
5369,33,0.0,0.7272727272727273,0.99489945,
5561,34,2.0,0.7647058823529411,0.99471705,
5763,35,2.0,0.8,0.99452515,
5943,36,1.0,0.8055555555555556,0.99435415,
6081,37,0.0,0.7837837837837838,0.99422305,
6342,38,3.0,0.8421052631578947,0.9939751,
6615,39,3.0,0.8974358974358975,0.99371575,
6753,40,0.0,0.875,0.99358465,
6888,41,0.0,0.8536585365853658,0.9934564,
7052,42,1.0,0.8571428571428571,0.9933006,
7188,43,0.0,0.8372093023255814,0.9931714,
7453,44,3.0,0.8863636363636364,0.99291965,
7752,45,4.0,0.9555555555555556,0.9926356,
7957,46,2.0,0.9782608695652174,0.99244085,
8169,47,1.0,0.9787234042553191,0.99223945,
8344,48,1.0,0.9791666666666666,0.9920732,
8503,49,1.0,0.9795918367346939,0.99192215,
8638,50,0.0,0.96,0.9917939,
8771,51,0.0,0.9411764705882353,0.99166755,
9005,52,2.0,0.9615384615384616,0.99144525,
9289,53,4.0,1.0188679245283019,0.99117545,
9452,54,1.0,1.0185185185185186,0.9910206,
9733,55,3.0,1.0545454545454545,0.99075365,
9874,56,0.0,1.0357142857142858,0.9906197,
10111,57,2.0,1.0526315789473684,0.99039455,
10368,58,3.0,1.0862068965517242,0.9901504,
10571,59,2.0,1.1016949152542372,0.98995755,
10782,60,2.0,1.1166666666666667,0.9897571000000001,
10968,61,2.0,1.1311475409836065,0.9895804,
11091,62,0.0,1.1129032258064515,0.98946355,
11270,63,1.0,1.1111111111111112,0.9892935,
11409,64,0.0,1.09375,0.98916145,
11549,65,0.0,1.0769230769230769,0.98902845,
11763,66,2.0,1.0909090909090908,0.98882515,
12017,67,3.0,1.1194029850746268,0.98858385,
12174,68,1.0,1.1176470588235294,0.9884347,
12324,69,0.0,1.1014492753623188,0.9882922,
12481,70,1.0,1.1,0.98814305,
12656,71,1.0,1.0985915492957747,0.9879768,
12953,72,5.0,1.1527777777777777,0.98769465,
13085,73,0.0,1.1369863013698631,0.98756925,
13241,74,1.0,1.135135135135135,0.98742105,
13372,75,0.0,1.12,0.9872966,
13610,76,3.0,1.144736842105263,0.9870705,
13752,77,0.0,1.12987012987013,0.9869356,
13931,78,1.0,1.1282051282051282,0.98676555,
14164,79,3.0,1.1518987341772151,0.9865442,
14288,80,0.0,1.1375,0.9864264,
14517,81,2.0,1.1481481481481481,0.98620885,
14706,82,1.0,1.146341463414634,0.9860293,
14899,83,1.0,1.144578313253012,0.98584595,
15053,84,1.0,1.1428571428571428,0.98569965,
15209,85,1.0,1.1411764705882352,0.98555145,
15390,86,1.0,1.1395348837209303,0.9853795,
15703,87,4.0,1.1724137931034482,0.98508215,
15874,88,1.0,1.1704545454545454,0.9849197,
16091,89,2.0,1.1797752808988764,0.98471355,
16227,90,0.0,1.1666666666666667,0.98458435,
16378,91,1.0,1.164835164835165,0.9844409,
16600,92,2.0,1.173913043478261,0.98423,
16803,93,2.0,1.1827956989247312,0.98403715,
17011,94,2.0,1.1914893617021276,0.98383955,
17192,95,1.0,1.1894736842105262,0.9836676,
17427,96,2.0,1.1979166666666667,0.98344435,
17604,97,1.0,1.1958762886597938,0.9832762,
17773,98,1.0,1.1938775510204083,0.98311565,
17926,99,0.0,1.1818181818181819,0.9829703,
18092,100,1.0,1.18,0.9828126,
18232,101,0.0,1.17,0.9826796,
18369,102,0.0,1.16,0.98254945,
18494,103,0.0,1.16,0.9824307,
18620,104,0.0,1.16,0.982311,
18849,105,2.0,1.18,0.98209345,
19117,106,3.0,1.21,0.98183885,
19324,107,2.0,1.21,0.9816422,
19536,108,2.0,1.23,0.9814408,
19745,109,2.0,1.25,0.98124225,
19894,110,0.0,1.24,0.9811007,
20036,111,0.0,1.23,0.9809658,
20214,112,1.0,1.23,0.9807967,
20358,113,0.0,1.19,0.9806599,
20524,114,1.0,1.19,0.9805022,
20704,115,1.0,1.19,0.9803312,
20828,116,0.0,1.19,0.9802134,
20991,117,1.0,1.2,0.98005855,
21198,118,2.0,1.22,0.9798619,
21379,119,1.0,1.23,0.97968995,
21567,120,1.0,1.24,0.97951135,
21811,121,2.0,1.25,0.97927955,
21995,122,1.0,1.25,0.97910475,
22124,123,0.0,1.24,0.9789822,
22286,124,1.0,1.25,0.9788283,
22466,125,1.0,1.26,0.9786573,
22601,126,0.0,1.22,0.97852905,
22734,127,0.0,1.22,0.9784027,
22872,128,0.0,1.22,0.9782716,
23114,129,3.0,1.24,0.9780417,
23238,130,0.0,1.23,0.9779239,
23377,131,0.0,1.21,0.97779185,
23510,132,0.0,1.21,0.9776655,
23642,133,0.0,1.21,0.9775401,
23778,134,0.0,1.19,0.9774109,
23920,135,0.0,1.17,0.977276,
24142,136,2.0,1.18,0.9770651,
24383,137,3.0,1.21,0.97683615,
24519,138,0.0,1.18,0.97670695,
24680,139,1.0,1.16,0.976554,
24915,140,2.0,1.18,0.97633075,
25057,141,0.0,1.18,0.97619585,
25216,142,1.0,1.18,0.9760448,
25556,143,5.0,1.23,0.9757218,
25729,144,1.0,1.21,0.97555745,
25934,145,2.0,1.19,0.9753627,
26159,146,2.0,1.19,0.97514895,
26398,147,3.0,1.21,0.9749219,
26565,148,1.0,1.21,0.97476325,
26800,149,3.0,1.23,0.97454,
26944,150,0.0,1.23,0.9744032,
27228,151,3.0,1.26,0.9741334,
27362,152,0.0,1.24,0.9740061,
27486,153,0.0,1.2,0.9738883,
27626,154,0.0,1.19,0.9737553,
27843,155,2.0,1.18,0.97354915,
28084,156,3.0,1.21,0.9733202,
28219,157,0.0,1.19,0.97319195,
28396,158,1.0,1.17,0.9730238,
28611,159,2.0,1.17,0.97281955,
28775,160,1.0,1.16,0.97266375,
29006,161,3.0,1.17,0.9724443,
29186,162,1.0,1.18,0.9722733,
29439,163,3.0,1.2,0.97203295,
29570,164,0.0,1.2,0.9719085,
29793,165,2.0,1.22,0.97169665,
30009,166,2.0,1.22,0.97149145,
30168,167,1.0,1.2,0.9713404,
30487,168,4.0,1.23,0.97103735,
30795,169,4.0,1.27,0.97074475,
31311,170,9.0,1.35,0.97025455,
31656,171,5.0,1.39,0.9699268,
31790,172,0.0,1.34,0.9697995,
31993,173,2.0,1.36,0.96960665,
32265,174,3.0,1.38,0.96934825,
32483,175,2.0,1.4,0.96914115,
32669,176,1.0,1.38,0.96896445,
32903,177,2.0,1.4,0.96874215,
33074,178,1.0,1.4,0.9685797,
33305,179,3.0,1.4,0.96836025,
33439,180,0.0,1.4,0.96823295,
33718,181,4.0,1.42,0.9679679,
33897,182,1.0,1.42,0.96779785,
34037,183,0.0,1.41,0.96766485,
34202,184,1.0,1.41,0.9675081,
34483,185,3.0,1.43,0.96724115,
34668,186,2.0,1.44,0.9670654,
34825,187,1.0,1.41,0.96691625,
35006,188,1.0,1.41,0.9667443,
35305,189,3.0,1.42,0.96646025,
35527,190,2.0,1.44,0.96624935,
35659,191,0.0,1.43,0.96612395,
35872,192,2.0,1.43,0.9659216,
35995,193,0.0,1.41,0.96580475,
36198,194,2.0,1.41,0.9656119,
36327,195,0.0,1.4,0.96548935,
36455,196,0.0,1.38,0.96536775,
36623,197,1.0,1.38,0.96520815,
36834,198,2.0,1.39,0.9650077,
37033,199,1.0,1.4,0.96481865,
37159,200,0.0,1.39,0.96469895,
37292,201,0.0,1.39,0.9645726,
37428,202,0.0,1.39,0.9644434,
37673,203,3.0,1.42,0.9642106500000001,
37802,204,0.0,1.42,0.9640881,
38025,205,2.0,1.42,0.96387625,
38264,206,2.0,1.41,0.9636492,
38464,207,2.0,1.41,0.9634592,
38746,208,3.0,1.42,0.9631913,
38884,209,0.0,1.4,0.9630602,
39032,210,0.0,1.4,0.9629196,
39232,211,2.0,1.42,0.9627296,
39490,212,3.0,1.44,0.9624845,
39653,213,1.0,1.45,0.96232965,
39836,214,1.0,1.45,0.9621558,
40063,215,2.0,1.46,0.96194015,
40252,216,1.0,1.47,0.9617606,
40394,217,0.0,1.46,0.9616257,
40573,218,1.0,1.45,0.96145565,
40748,219,1.0,1.45,0.9612894,
40992,220,3.0,1.47,0.9610576,
41120,221,0.0,1.45,0.960936,
41327,222,2.0,1.46,0.96073935,
41565,223,2.0,1.48,0.96051325,
41693,224,0.0,1.47,0.96039165,
41860,225,1.0,1.47,0.960233,
42068,226,2.0,1.49,0.9600354,
42250,227,1.0,1.5,0.9598625,
42422,228,1.0,1.51,0.9596991,
42579,229,1.0,1.49,0.95954995,
42765,230,1.0,1.5,0.95937325,
42978,231,2.0,1.52,0.9591709,
43135,232,1.0,1.53,0.95902175,
43262,233,0.0,1.53,0.9589011,
43406,234,0.0,1.53,0.9587643,
43643,235,3.0,1.56,0.95853915,
44034,236,6.0,1.6,0.9581677,
44166,237,0.0,1.57,0.9580423,
44367,238,2.0,1.59,0.95785135,
44572,239,2.0,1.6,0.9576566,
44757,240,1.0,1.59,0.95748085,
44897,241,0.0,1.59,0.95734785,
45187,242,4.0,1.62,0.95707235,
45324,243,0.0,1.57,0.9569422,
45619,244,4.0,1.6,0.95666195,
45909,245,3.0,1.61,0.95638645,
46050,246,0.0,1.59,0.9562525,
46225,247,1.0,1.57,0.95608625,
46459,248,2.0,1.58,0.95586395,
46664,249,2.0,1.57,0.9556692,
46892,250,2.0,1.59,0.9554526,
47071,251,1.0,1.57,0.95528255,
47261,252,1.0,1.58,0.95510205,
47567,253,4.0,1.62,0.95481135,
47698,254,0.0,1.62,0.9546869,
47938,255,2.0,1.62,0.9544589,
48102,256,1.0,1.6,0.9543031,
48253,257,0.0,1.6,0.95415965,
48397,258,0.0,1.59,0.95402285,
48549,259,0.0,1.57,0.95387845,
48675,260,0.0,1.56,0.95375875,
48839,261,1.0,1.54,0.9536029500000001,
49082,262,3.0,1.56,0.9533721,
49221,263,0.0,1.53,0.95324005,
49360,264,0.0,1.53,0.953108,
49597,265,3.0,1.54,0.95288285,
49811,266,2.0,1.54,0.95267955,
49971,267,1.0,1.54,0.95252755,
50169,268,2.0,1.52,0.95233945,0.00014136775280348957
50306,269,0.0,1.48,0.9522093,0.00446946220472455
50530,270,2.0,1.41,0.9519965,0.0154165830463171
50682,271,0.0,1.36,0.9518521,5.003896512789652e-05
50843,272,1.0,1.37,0.95169915,1.97227782336995e-05
51076,273,2.0,1.37,0.9514778,0.004793420433998108
51265,274,1.0,1.35,0.95129825,0.0036437883973121643
51394,275,0.0,1.33,0.9511757,1.551874083816074e-05
51650,276,3.0,1.35,0.9509325,0.00020243984181433916
51851,277,1.0,1.34,0.95074155,0.020864058285951614
51980,278,0.0,1.33,0.950619,0.004528004676103592
52242,279,3.0,1.33,0.9503701,0.0015460570575669408
52429,280,1.0,1.34,0.95019245,0.0028016511350870132
52565,281,0.0,1.3,0.95006325,0.012985751032829285
52761,282,2.0,1.31,0.94987705,0.009337274357676506
52980,283,2.0,1.33,0.949669,0.005955199711024761
53141,284,1.0,1.33,0.94951605,0.00027869525365531445
53366,285,2.0,1.32,0.9493023,0.0014092795317992568
53516,286,0.0,1.3,0.9491598,0.003800844307988882
53734,287,2.0,1.31,0.9489527,0.010100344195961952
53958,288,2.0,1.32,0.9487399,0.003914901055395603
54087,289,0.0,1.29,0.94861735,0.006634274963289499
54254,290,1.0,1.28,0.9484587,0.005801977589726448
54645,291,6.0,1.34,0.94808725,0.0034594389144331217
54824,292,1.0,1.33,0.9479172,0.0003310489992145449
54957,293,0.0,1.33,0.94779085,2.5526504032313824e-05
55120,294,1.0,1.32,0.947636,0.001211461960338056
55253,295,0.0,1.32,0.94750965,0.0007326965569518507
55391,296,0.0,1.32,0.94737855,0.0013087299885228276
55531,297,0.0,1.31,0.94724555,0.0002505918382667005
55678,298,0.0,1.29,0.9471059000000001,0.00012538522423710674
55887,299,2.0,1.3,0.94690735,0.0015579239698126912
56093,300,2.0,1.32,0.94671165,0.0001083140232367441
56255,301,1.0,1.33,0.94655775,0.0003011688240803778
56384,302,0.0,1.33,0.9464352,0.0006057033897377551
56528,303,0.0,1.3,0.9462984,0.0006516774301417172
56736,304,2.0,1.32,0.9461008,0.0021570411045104265
56864,305,0.0,1.3,0.9459792,0.0003652178274933249
56996,306,0.0,1.28,0.9458538,0.0006987449014559388
57158,307,1.0,1.27,0.9456999,4.524273390416056e-05
57366,308,2.0,1.26,0.9455023,0.0003138302708975971
57494,309,0.0,1.26,0.9453807,5.059760587755591e-05
57626,310,0.0,1.26,0.9452553,4.782395626534708e-05
57813,311,1.0,1.25,0.94507765,2.8036307412548922e-05
58022,312,2.0,1.24,0.9448791,0.0020960085093975067
58273,313,3.0,1.26,0.94464065,5.1030932809226215e-05
58450,314,1.0,1.26,0.9444725,0.0003361007838975638
58784,315,5.0,1.29,0.9441552,0.0005611885571852326
59114,316,5.0,1.33,0.9438417,3.960115645895712e-05
59279,317,1.0,1.34,0.94368495,0.0030347961001098156
59417,318,0.0,1.33,0.94355385,2.8499358450062573e-05
59686,319,4.0,1.36,0.9432983,2.855197999451775e-05
59828,320,0.0,1.33,0.9431634,6.53732568025589e-05
60081,321,3.0,1.36,0.94292305,0.01729663275182247
60301,322,2.0,1.36,0.94271405,0.0002723729412537068
60504,323,2.0,1.36,0.9425212000000001,0.0011584130115807056
60638,324,0.0,1.36,0.9423939,0.001122883753851056
60860,325,2.0,1.37,0.942183,0.001276112743653357
60999,326,0.0,1.35,0.94205095,0.0032821781933307648
61145,327,0.0,1.34,0.94191225,0.00034095728187821805
61282,328,0.0,1.33,0.9417821,0.00040712588815949857
61616,329,5.0,1.37,0.9414648,0.0003570193366613239
61752,330,0.0,1.36,0.9413356,0.003392541315406561
61971,331,2.0,1.36,0.94112755,0.00027634622529149055
62251,332,3.0,1.38,0.94086155,3.2811785786179826e-05
62434,333,1.0,1.39,0.9406877,0.00013118653441779315
62693,334,3.0,1.42,0.94044165,0.0019521882059052587
62900,335,2.0,1.41,0.940245,3.6153731343802065e-05
63056,336,0.0,1.35,0.9400968,0.002405960112810135
63235,337,1.0,1.36,0.93992675,0.0006167670362628996
63439,338,2.0,1.36,0.93973295,0.00047970120795071125
63665,339,2.0,1.36,0.93951825,0.0006441769655793905
63861,340,2.0,1.37,0.93933205,0.0010732935043051839
64059,341,2.0,1.39,0.93914395,0.0011605836916714907
64207,342,0.0,1.35,0.93900335,7.77651002863422e-05
64573,343,6.0,1.41,0.93865565,0.00013316381955519319
64783,344,2.0,1.39,0.93845615,0.00349258491769433
65032,345,3.0,1.39,0.9382196,0.00045923885772936046
65167,346,0.0,1.39,0.93809135,0.0035543956328183413
65292,347,0.0,1.38,0.9379726,0.000908010930288583
65448,348,1.0,1.37,0.9378244,0.0003142073401249945
65729,349,4.0,1.39,0.93755745,5.104022420709953e-05
65871,350,0.0,1.37,0.93742255,7.868513057474047e-05
66126,351,3.0,1.39,0.9371803,0.00017274018318857998
66339,352,2.0,1.4,0.93697795,1.9205246644560248e-05
66623,353,3.0,1.39,0.93670815,0.0006732846377417445
66844,354,2.0,1.41,0.9364982,0.0002131268265657127
66975,355,0.0,1.39,0.93637375,2.6140860427403823e-05
67143,356,1.0,1.39,0.93621415,3.518842640914954e-05
67278,357,0.0,1.39,0.9360859,0.0006053674151189625
67488,358,2.0,1.41,0.9358864,9.054475231096148e-05
67616,359,0.0,1.41,0.9357648000000001,5.5930471717147157e-05
67746,360,0.0,1.41,0.9356413,0.001082106027752161
68009,361,3.0,1.43,0.93539145,0.0005001912941224873
68137,362,0.0,1.4,0.93526985,0.00018745800480246544
68336,363,2.0,1.42,0.9350808,6.172623398015276e-05
68575,364,2.0,1.44,0.93485375,7.876598101574928e-05
68833,365,3.0,1.44,0.93460865,0.00042333215242251754
69121,366,4.0,1.46,0.9343350500000001,7.384299533441663e-05
69327,367,2.0,1.47,0.93413935,7.635218207724392e-05
69464,368,0.0,1.45,0.9340092,0.0003817264223471284
69668,369,2.0,1.47,0.9338154,4.794203050551005e-05
69857,370,1.0,1.46,0.93363585,0.00020219605357851833
70106,371,2.0,1.48,0.9333993,0.00024260798818431795
70315,372,2.0,1.49,0.93320075,0.0006582451751455665
70475,373,1.0,1.48,0.93304875,0.00025739517877809703
70615,374,0.0,1.47,0.93291575,0.00023645316832698882
70748,375,0.0,1.47,0.9327894,0.000430231710197404
70929,376,1.0,1.45,0.93261745,0.00029010477010160685
71134,377,2.0,1.46,0.9324227,0.0008803053060546517
71302,378,1.0,1.47,0.9322631,0.00014808433479629457
71536,379,2.0,1.46,0.9320408,0.0007521462393924594
71746,380,2.0,1.47,0.9318413,5.5902604799484834e-05
71922,381,1.0,1.48,0.9316741,0.0017922268016263843
72061,382,0.0,1.46,0.93154205,3.380832640687004e-05
72230,383,1.0,1.45,0.9313815,0.0006306645809672773
72395,384,1.0,1.45,0.93122475,0.0026686873752623796
72607,385,2.0,1.45,0.93102335,0.00044756336137652397
72931,386,4.0,1.49,0.93071555,7.477553299395368e-05
73061,387,0.0,1.47,0.93059205,0.00012906367192044854
73222,388,1.0,1.46,0.9304391,0.0006080208695493639
73355,389,0.0,1.46,0.93031275,5.6830307585187256e-05
73497,390,0.0,1.45,0.93017785,0.0006389914778992534
73703,391,2.0,1.41,0.92998215,0.0004762125900015235
73922,392,2.0,1.42,0.9297741,3.8007714465493336e-05
74085,393,1.0,1.43,0.92961925,4.9935581046156585e-05
74266,394,1.0,1.43,0.9294473,0.0004094134201295674
74524,395,3.0,1.46,0.9292022,2.4787506845314056e-05
74693,396,1.0,1.47,0.92904165,0.00014907249715179205
74919,397,2.0,1.49,0.92882695,0.0005198625149205327
75131,398,2.0,1.51,0.92862555,3.795807424467057e-05
75299,399,1.0,1.5,0.92846595,0.00034632376627996564
75454,400,1.0,1.49,0.9283187,0.00035469161230139434
75644,401,1.0,1.49,0.9281382,0.0001861762721091509
75867,402,2.0,1.51,0.92792635,0.0006413560477085412
76214,403,5.0,1.56,0.9275967,3.1006362405605614e-05
76380,404,1.0,1.55,0.927439,0.0001257967232959345
76559,405,1.0,1.56,0.92726895,0.0006469914223998785
76711,406,1.0,1.57,0.92712455,9.050964581547305e-05
76990,407,3.0,1.59,0.9268595,0.001466674730181694
77183,408,1.0,1.58,0.92667615,5.5734170018695295e-05
77330,409,0.0,1.58,0.9265365,8.544506999896839e-05
77471,410,0.0,1.58,0.92640255,0.00029544165590777993
77718,411,2.0,1.59,0.9261679,7.072297012200579e-05
78001,412,3.0,1.6,0.92589905,0.00012282152601983398
78181,413,1.0,1.58,0.92572805,2.3380853235721588e-05
78442,414,3.0,1.6,0.9254801,7.550475129391998e-05
78609,415,1.0,1.56,0.92532145,3.823260703939013e-05
78820,416,2.0,1.53,0.925121,0.000182399176992476
78985,417,1.0,1.53,0.92496425,0.000217748005525209
79212,418,2.0,1.55,0.9247486,3.624960663728416e-05
79449,419,3.0,1.54,0.92452345,0.0002637720317579806
79634,420,1.0,1.55,0.9243477,1.5537822037003934e-05
79797,421,1.0,1.53,0.92419285,0.00045934607624076307
80057,422,3.0,1.54,0.92394585,0.0007394842687062919
80193,423,0.0,1.52,0.92381665,0.00026574076036922634
80327,424,0.0,1.52,0.92368935,0.0006101992912590504
80482,425,1.0,1.51,0.9235421,0.00034770049387589097
80640,426,1.0,1.52,0.923392,0.00015245177200995386
80815,427,1.0,1.53,0.9232257500000001,8.908180461730808e-05
80983,428,1.0,1.54,0.92306615,0.0019674873910844326
81150,429,1.0,1.5,0.9229075,0.0004849896940868348
81286,430,0.0,1.5,0.9227783,0.0009116997825913131
81433,431,0.0,1.48,0.92263865,0.0004168812301941216
81618,432,1.0,1.46,0.9224629,0.00016699636762496084
81755,433,0.0,1.45,0.92233275,0.0007224794244393706
81997,434,3.0,1.45,0.92210285,6.619004852836952e-05
82142,435,0.0,1.43,0.9219651,0.0006823558360338211
82314,436,1.0,1.44,0.9218017000000001,0.00019148872524965554
82501,437,1.0,1.44,0.92162405,0.00017900680541060865
82630,438,0.0,1.42,0.9215015,0.0001382862392347306
82823,439,2.0,1.42,0.9213181500000001,0.0001311042724410072
83070,440,3.0,1.43,0.9210834999999999,0.000431214168202132
83280,441,2.0,1.43,0.920884,0.0006945823552086949
83419,442,0.0,1.43,0.92075195,0.00016347751079592854
83559,443,0.0,1.37,0.92061895,0.0004439953772816807
83795,444,2.0,1.37,0.92039475,0.00021277207997627556
84019,445,2.0,1.36,0.92018195,0.00014258691226132214
84154,446,0.0,1.36,0.9200537,0.0006779545801691711
84348,447,2.0,1.38,0.9198694000000001,5.1690309192053974e-05
84496,448,0.0,1.37,0.9197288,1.8152102711610496e-05
84636,449,0.0,1.33,0.9195958,0.0004084790125489235
84778,450,0.0,1.33,0.9194609,0.00013646885054185987
84911,451,0.0,1.3,0.91933455,9.218408376909792e-05
85059,452,0.0,1.28,0.91919395,0.00020985587616451085
85384,453,4.0,1.29,0.9188852,0.00014336599269881845
85516,454,0.0,1.27,0.9187598,7.786203059367836e-05
85671,455,1.0,1.28,0.91861255,0.0003734872443601489
85810,456,0.0,1.27,0.9184805,6.120581383584067e-05
85970,457,1.0,1.28,0.9183285,4.761131276609376e-05
86201,458,2.0,1.28,0.91810905,8.723285282030702e-05
86376,459,1.0,1.29,0.9179428000000001,1.48825110954931e-05
86510,460,0.0,1.29,0.9178155,1.2247648555785418e-05
86772,461,3.0,1.29,0.9175666,2.4838485842337832e-05
86952,462,1.0,1.3,0.9173956,0.00013689330080524087
87085,463,0.0,1.28,0.91726925,8.946490561356768e-05
87266,464,1.0,1.27,0.9170973,0.000114277376269456
87424,465,1.0,1.25,0.9169472,2.638096339069307e-05
87615,466,2.0,1.23,0.91676575,8.373359014512971e-05
87807,467,2.0,1.23,0.91658335,3.605698293540627e-05
87941,468,0.0,1.23,0.91645605,1.916589098982513e-05
88153,469,1.0,1.22,0.91625465,0.0001311244850512594
88502,470,5.0,1.26,0.9159231,2.9173537768656388e-05
88643,471,0.0,1.24,0.91578915,4.4794316636398435e-05
88825,472,1.0,1.23,0.91561625,0.0001446216192562133
89106,473,5.0,1.27,0.9153493,7.69190737628378e-05
89243,474,0.0,1.27,0.91521915,0.000147050159284845
89387,475,0.0,1.27,0.91508235,6.816240784246475e-05
89526,476,0.0,1.26,0.9149503,0.00010716715769376606
89660,477,0.0,1.24,0.9148229999999999,4.5124153984943405e-05
89833,478,1.0,1.24,0.91465865,6.421488797059283e-05
89961,479,0.0,1.22,0.91453705,7.078872295096517e-05
90138,480,1.0,1.21,0.9143689,0.0004831784754060209
90319,481,1.0,1.21,0.91419695,0.0002739389892667532
90457,482,0.0,1.21,0.9140658500000001,0.0010082024382427335
90591,483,0.0,1.2,0.91393855,0.000578445615246892
90808,484,2.0,1.21,0.9137324,0.00031362168374471366
90965,485,1.0,1.2,0.91358325,0.00025436838041059673
91175,486,2.0,1.18,0.9133837499999999,0.00045533652883023024
91376,487,2.0,1.2,0.9131928,0.00011837956117233261
91580,488,2.0,1.21,0.912999,0.00011053607886424288
91727,489,0.0,1.21,0.91285935,0.00038255471736192703
91948,490,2.0,1.23,0.9126494,7.33870328986086e-05
92104,491,1.0,1.22,0.9125012,0.0014740738552063704
92310,492,2.0,1.22,0.9123055,6.727089203195646e-05
92446,493,0.0,1.21,0.9121763,0.00026665328186936677
92703,494,3.0,1.23,0.91193215,1.8208762412541546e-05
92926,495,2.0,1.22,0.9117203,0.0007624751306138933
93088,496,1.0,1.22,0.9115664,1.5065143998072017e-05
93273,497,1.0,1.21,0.91139065,9.850235073827207e-05
93455,498,2.0,1.21,0.91121775,0.00014787164400331676
93715,499,3.0,1.23,0.9109707499999999,0.0002562032896094024
93986,500,3.0,1.25,0.9107133000000001,1.0775346709124278e-05
94115,501,0.0,1.24,0.91059075,6.083114567445591e-05
94246,502,0.0,1.22,0.9104663,0.0002634962147567421
94410,503,1.0,1.18,0.9103105,0.0005244309431873262
94559,504,0.0,1.17,0.91016895,9.354728535981849e-05
94725,505,1.0,1.17,0.91001125,0.00023794409935362637
95078,506,5.0,1.21,0.9096759,0.00016360884183086455
95209,507,0.0,1.18,0.90955145,3.633125379565172e-05
95368,508,1.0,1.18,0.9094004,0.00026750308461487293
95549,509,1.0,1.19,0.90922845,7.417369488393888e-05
95864,510,4.0,1.23,0.9089292,0.00013621762627735734
96107,511,3.0,1.24,0.90869835,0.00018616998568177223
96308,512,2.0,1.23,0.9085074,0.0003367739845998585
96470,513,1.0,1.23,0.9083535,5.021400284022093e-05
96668,514,2.0,1.22,0.9081654,0.0002044418069999665
96969,515,4.0,1.25,0.90787945,4.271652869647369e-05
97158,516,1.0,1.24,0.9076999,9.87039165920578e-05
97444,517,4.0,1.27,0.9074282,4.215863373246975e-05
97647,518,2.0,1.27,0.90723535,0.00015151759725995362
97803,519,1.0,1.25,0.90708715,5.967148899799213e-05
97936,520,0.0,1.24,0.9069608,0.0011636961717158556
98072,521,0.0,1.23,0.9068316,3.28719470417127e-05
98302,522,2.0,1.22,0.9066131,8.31471843412146e-05
98544,523,3.0,1.25,0.9063832,4.904969682684168e-05
98746,524,1.0,1.26,0.9061913,1.5071172128955368e-05
98881,525,0.0,1.25,0.90606305,0.00015771470498293638
99047,526,1.0,1.25,0.90590535,0.00019438512390479445
99190,527,0.0,1.24,0.9057695,2.1094285330036655e-05
99462,528,3.0,1.26,0.9055111,1.9366278138477355e-05
99622,529,1.0,1.26,0.9053591,0.0001937873021233827
99785,530,1.0,1.27,0.90520425,5.860815872438252e-05
99969,531,1.0,1.28,0.90502945,0.00016644172137603164
100001,532,0.0,1.27,0.90499905,1.219116438733181e-05
100185,533,2.0,1.29,0.90482425,0.0008539498667232692
100407,534,3.0,1.29,0.90461335,0.0001805391366360709
100543,535,0.0,1.29,0.90448415,0.00017764508083928376
100756,536,2.0,1.3,0.9042818,0.0001846639788709581
100959,537,2.0,1.31,0.90408895,0.00015628256369382143
101176,538,2.0,1.33,0.9038828,0.00022483775683213025
101346,539,1.0,1.32,0.9037213,0.00012226385297253728
101531,540,1.0,1.3,0.90354555,0.00021715568436775357
101792,541,3.0,1.31,0.9032976,0.0006163526559248567
101985,542,2.0,1.33,0.90311425,5.060632975073531e-05
102116,543,0.0,1.33,0.9029898000000001,0.00011202532914467156
102444,544,4.0,1.35,0.9026782,0.00021756775095127523
102634,545,1.0,1.34,0.9024977,0.00012224727834109217
102848,546,2.0,1.36,0.9022944,0.00011244179040659219
103016,547,1.0,1.35,0.9021348,0.00028358431882224977
103155,548,0.0,1.35,0.90200275,5.8761113905347884e-05
103293,549,0.0,1.35,0.90187165,1.270780194317922e-05
103550,550,3.0,1.38,0.9016275,6.433880480471998e-05
103680,551,0.0,1.38,0.901504,0.0002697687305044383
103811,552,0.0,1.38,0.90137955,7.093122985679656e-05
104045,553,3.0,1.37,0.90115725,3.4119577321689576e-05
104169,554,0.0,1.37,0.90103945,0.00019377705757506192
104435,555,3.0,1.39,0.90078675,6.051644595572725e-05
104601,556,1.0,1.4,0.90062905,6.085871791583486e-05
104752,557,0.0,1.39,0.9004856,0.0001694553648121655
104938,558,1.0,1.38,0.9003089,0.00044426743988879025
105149,559,2.0,1.39,0.9001084500000001,3.157193714287132e-05
105366,560,2.0,1.41,0.8999023,5.638533184537664e-05
105630,561,4.0,1.42,0.8996515,1.735275873215869e-05
105797,562,1.0,1.42,0.89949285,0.00013087234401609749
105925,563,0.0,1.42,0.89937125,0.0001100436711567454
106225,564,3.0,1.44,0.89908625,0.00010670493065845221
106448,565,3.0,1.46,0.8988744,8.580050780437887e-05
106602,566,0.0,1.44,0.8987281,0.00011782644287450239
106768,567,1.0,1.43,0.8985704,5.3019339247839525e-05
106937,568,1.0,1.44,0.89840985,7.235204975586385e-05
107072,569,0.0,1.43,0.8982816,7.39043316571042e-05
107209,570,0.0,1.38,0.89815145,1.3842713087797165e-05
107432,571,2.0,1.4,0.8979396,4.731248191092163e-05
107650,572,2.0,1.41,0.8977325,4.613440978573635e-05
107945,573,4.0,1.4,0.89745225,4.1538358345860615e-05
108081,574,0.0,1.4,0.89732305,4.4034968595951796e-05
108318,575,3.0,1.43,0.8970979,0.00015805699513293803
108504,576,1.0,1.44,0.8969212,2.689087705221027e-05
108636,577,0.0,1.44,0.8967958,7.18749943189323e-05
108780,578,0.0,1.43,0.896659,4.616576188709587e-05
108918,579,0.0,1.43,0.8965279,0.00017775315791368484
109190,580,4.0,1.46,0.8962695,0.00012189777771709487
109323,581,0.0,1.45,0.89614315,2.91466640192084e-05
109575,582,3.0,1.48,0.89590375,0.00010350981028750539
109762,583,1.0,1.49,0.8957261,4.793548578163609e-05
109947,584,1.0,1.48,0.89555035,9.22820036066696e-05
110130,585,1.0,1.48,0.8953765,0.002718031406402588
110341,586,2.0,1.48,0.89517605,0.0001982694520847872
110545,587,2.0,1.48,0.89498225,0.00044448822154663503
110879,588,5.0,1.51,0.89466495,0.0007025128579698503
111018,589,0.0,1.51,0.8945329,0.00047829095274209976
111175,590,1.0,1.5,0.89438375,0.00011781850480474532
111390,591,1.0,1.5,0.8941795,8.224393241107464e-05
111525,592,0.0,1.48,0.89405125,3.7362238799687475e-05
111778,593,3.0,1.51,0.8938109,7.511716103181243e-05
111992,594,2.0,1.5,0.8936076000000001,0.0003032204695045948
112130,595,0.0,1.48,0.8934765,0.00032006678520701826
112267,596,0.0,1.47,0.89334635,5.51638295291923e-05
112574,597,4.0,1.5,0.8930547,5.7278557505924255e-05
112711,598,0.0,1.48,0.89292455,8.000283560249954e-05
112843,599,0.0,1.45,0.89279915,0.00017063974519260228
113052,600,2.0,1.44,0.8926006,0.00020831526489928365
113285,601,2.0,1.46,0.8923792500000001,8.118820551317185e-05
113422,602,0.0,1.46,0.8922491,0.00017491847393102944
113606,603,1.0,1.46,0.8920743,1.8605123841552995e-05
113795,604,2.0,1.48,0.8918947500000001,4.491416984819807e-05
114106,605,4.0,1.51,0.8915993,8.742864883970469e-05
114317,606,2.0,1.48,0.89139885,0.00014545503654517233
114591,607,3.0,1.51,0.89113855,9.395533561473712e-05
114792,608,2.0,1.52,0.8909476000000001,5.054971552453935e-05
115040,609,2.0,1.53,0.890712,3.633919186540879e-05
115264,610,2.0,1.51,0.8904992,2.7585394491325133e-05
115407,611,0.0,1.48,0.89036335,8.439909288426861e-05
115538,612,0.0,1.46,0.8902388999999999,0.00011142955918330699
115679,613,0.0,1.45,0.89010495,4.7976718633435667e-05
115804,614,0.0,1.43,0.8899862000000001,0.00015432351210620254
115941,615,0.0,1.39,0.88985605,0.0003181722422596067
116078,616,0.0,1.38,0.8897259,3.8695034163538367e-05
116244,617,1.0,1.35,0.8895682,0.0001281062577618286
116528,618,3.0,1.36,0.8892984,8.790443826001137e-05
116742,619,2.0,1.37,0.8890951,0.00018965908384416252
117018,620,4.0,1.41,0.8888329,4.3621519580483437e-05
117242,621,2.0,1.43,0.8886201,5.711953417630866e-05
117450,622,2.0,1.43,0.8884225,0.0001384775387123227
117650,623,2.0,1.42,0.8882325,8.000663001439534e-06
117814,624,1.0,1.42,0.8880767,2.5229903258150443e-05
117963,625,0.0,1.42,0.88793515,7.839512545615435e-05
118104,626,0.0,1.41,0.8878012,7.19870367902331e-05
118234,627,0.0,1.41,0.8876777,0.00011111728963442147
118366,628,0.0,1.38,0.8875523,8.271593833342195e-05
118497,629,0.0,1.37,0.88742785,9.48960951063782e-05
118626,630,0.0,1.36,0.8873053,2.1361800463637337e-05
118829,631,2.0,1.37,0.88711245,2.7338084692019038e-05
118986,632,1.0,1.38,0.8869633,1.4311908671515994e-05
119187,633,2.0,1.38,0.88677235,3.986571391578764e-05
119397,634,2.0,1.37,0.88657285,2.3180789867183194e-05
119539,635,0.0,1.37,0.88643795,4.972559690941125e-05
119723,636,1.0,1.36,0.88626315,2.6391498977318406e-05
119867,637,0.0,1.34,0.8861263500000001,1.8669623386813328e-05
120010,638,0.0,1.32,0.8859905,0.00014470207679551095
120156,639,0.0,1.31,0.8858518,0.0009093069238588214
120431,640,3.0,1.33,0.88559055,6.608803232666105e-05
120568,641,0.0,1.3,0.8854604,6.945848872419447e-05
120818,642,3.0,1.31,0.8852229,0.00013375950220506638
121197,643,5.0,1.36,0.88486285,0.00021887558978050947
121400,644,2.0,1.34,0.8846700000000001,0.0002421567915007472
121602,645,2.0,1.35,0.8844781,0.0005667649675160646
121882,646,3.0,1.36,0.8842121000000001,0.00012205481471028179
122065,647,1.0,1.36,0.88403825,6.312398181762546e-05
122400,648,5.0,1.41,0.8837200000000001,6.878017302369699e-05
122573,649,1.0,1.42,0.88355565,0.0003745585272554308
122734,650,1.0,1.4,0.8834027,0.00024411479535046965
122913,651,1.0,1.41,0.8832326500000001,0.0006558414315804839
123163,652,3.0,1.44,0.88299515,0.0006525287171825767
123428,653,3.0,1.44,0.8827434000000001,0.00024725397815927863
123556,654,0.0,1.44,0.8826218,0.00011280368198640645
123693,655,0.0,1.41,0.88249165,2.345869506825693e-05
123828,656,0.0,1.4,0.8823634,4.753487519337796e-05
124017,657,2.0,1.42,0.88218385,9.318190859630704e-05
124207,658,2.0,1.43,0.88200335,3.149568510707468e-05
124384,659,1.0,1.42,0.8818352,6.0789061535615474e-05
124515,660,0.0,1.4,0.88171075,1.7431433661840856e-05
124688,661,1.0,1.37,0.8815464,6.463089084718376e-05
124874,662,1.0,1.37,0.8813697,2.9205428290879354e-05
125009,663,0.0,1.37,0.88124145,1.9266895833425224e-05
125194,664,2.0,1.36,0.8810657,5.231183968135156e-05
125430,665,2.0,1.35,0.8808415,6.613946607103571e-05
125588,666,1.0,1.36,0.8806914,4.285136310500093e-05
125751,667,1.0,1.36,0.88053655,5.0081598601536825e-05
125991,668,2.0,1.37,0.88030855,2.6009496650658548e-05
126160,669,1.0,1.38,0.880148,8.231172250816599e-05
126387,670,2.0,1.4,0.87993235,6.927958747837692e-05
126600,671,2.0,1.4,0.87973,4.463935692911036e-05
126753,672,0.0,1.38,0.87958465,6.359901453834027e-05
126888,673,0.0,1.34,0.8794564,2.4655581000843085e-05
127030,674,0.0,1.34,0.8793215,0.00011665338388411328
127224,675,1.0,1.32,0.8791372,4.691440335591324e-05
127359,676,0.0,1.31,0.87900895,1.885558776848484e-05
127539,677,1.0,1.32,0.87883795,9.70347537077032e-05
127673,678,0.0,1.32,0.87871065,1.7817423213273287e-05
127840,679,1.0,1.33,0.878552,0.00014984271547291428
128051,680,2.0,1.31,0.87835155,3.88305306842085e-05
128288,681,3.0,1.34,0.8781264,1.3521061191568151e-05
128488,682,2.0,1.33,0.8779364000000001,1.273967427550815e-05
128746,683,3.0,1.35,0.8776913,6.678011413896456e-05
128913,684,1.0,1.35,0.87753265,1.6432624761364423e-05
129054,685,0.0,1.34,0.8773987,2.2948708647163585e-05
129339,686,4.0,1.36,0.87712795,7.236444798763841e-05
129603,687,3.0,1.37,0.87687715,5.099367263028398e-05
129734,688,0.0,1.32,0.8767527,0.00011596635886235163
129909,689,1.0,1.33,0.87658645,6.622170621994883e-05
130094,690,2.0,1.34,0.8764107,8.30322751426138e-05
130226,691,0.0,1.33,0.8762853,6.435380782932043e-05
130374,692,0.0,1.33,0.8761447,0.00011537293175933883
130524,693,0.0,1.3,0.8760022000000001,0.00018956721760332584
130694,694,1.0,1.29,0.8758407,0.00031841028248891234
130913,695,2.0,1.31,0.87563265,0.00022857192379888147
131060,696,0.0,1.31,0.875493,0.00025931213167496026
131219,697,1.0,1.28,0.87534195,4.9857862904900685e-05
131439,698,2.0,1.3,0.87513295,0.00032153978827409446
131789,699,5.0,1.35,0.87480045,0.00019625203276518732
131929,700,0.0,1.33,0.87466745,0.0001465122913941741
132226,701,4.0,1.35,0.8743853,6.39778736513108e-05
132380,702,0.0,1.35,0.874239,2.2688298486173153e-05
132543,703,1.0,1.35,0.8740841500000001,0.00015827963943593204
132799,704,3.0,1.36,0.87384095,2.2653186533716507e-05
132925,705,0.0,1.32,0.87372125,6.624468369409442e-05
133107,706,1.0,1.31,0.87354835,5.4871423344593495e-05
133249,707,0.0,1.28,0.87341345,8.342193905264139e-05
133385,708,0.0,1.26,0.87328425,9.712518658488989e-05
133514,709,0.0,1.24,0.8731617,3.632741572801024e-05
133736,710,2.0,1.24,0.8729508,0.00013074152229819447
133933,711,2.0,1.26,0.87276365,2.9069384254398756e-05
134093,712,1.0,1.27,0.8726116500000001,0.00010659450344974175
134376,713,3.0,1.3,0.8723428,0.00011720511974999681
134576,714,1.0,1.31,0.8721528000000001,1.544044971524272e-05
134802,715,2.0,1.33,0.8719380999999999,5.7638768339529634e-05
135136,716,5.0,1.38,0.8716208,5.489012983161956e-05
135366,717,2.0,1.39,0.8714023,2.578348539827857e-05
135498,718,0.0,1.36,0.8712769,0.00013509925338439643
135664,719,1.0,1.35,0.8711192,4.9374088121112436e-05
135867,720,2.0,1.33,0.87092635,4.724624886875972e-05
136079,721,2.0,1.33,0.87072495,7.000256118772086e-06
136205,722,0.0,1.31,0.87060525,0.00026125641306862235
136409,723,2.0,1.31,0.87041145,1.2557445188576821e-05
136668,724,3.0,1.33,0.8701654,3.0197890737326816e-05
136863,725,2.0,1.35,0.86998015,5.752693323302083e-05
137010,726,0.0,1.35,0.8698405,6.711324385832995e-05
137201,727,1.0,1.36,0.86965905,0.00010267603647662327
137454,728,3.0,1.39,0.8694187,6.158820178825408e-05
137643,729,1.0,1.4,0.8692391500000001,3.080283204326406e-05
137869,730,2.0,1.42,0.86902445,5.684840652975254e-05
138122,731,3.0,1.43,0.8687841000000001,2.952407521661371e-05
138259,732,0.0,1.42,0.86865395,4.4423773942980915e-05
138396,733,0.0,1.4,0.8685238,0.00013310326903592795
138544,734,0.0,1.38,0.8683832,6.163545185700059e-05
138709,735,1.0,1.39,0.86822645,4.407453889143653e-05
138971,736,3.0,1.41,0.86797755,3.4336571843596175e-05
139195,737,2.0,1.43,0.86776475,8.056068327277899e-05
139337,738,0.0,1.43,0.86762985,0.0001252447400474921
139464,739,0.0,1.43,0.8675092,4.4695720134768635e-05
139640,740,1.0,1.41,0.8673420000000001,1.784896267054137e-05
139850,741,2.0,1.43,0.8671425,4.7242530854418874e-05
140015,742,1.0,1.41,0.86698575,0.0014467646833509207
140183,743,1.0,1.37,0.8668261500000001,0.00019903785141650587
140404,744,3.0,1.38,0.8666162,0.0001195870281662792
140531,745,0.0,1.36,0.86649555,4.656010787584819e-05
140752,746,2.0,1.35,0.8662856,0.00014619514695368707
140913,747,1.0,1.35,0.86613265,4.5598106225952506e-05
141100,748,2.0,1.32,0.865955,0.0004299235297366977
141335,749,2.0,1.33,0.86573175,4.2589890654198825e-05
141613,750,3.0,1.35,0.86546765,7.095770706655458e-05
141777,751,1.0,1.35,0.86531185,7.979247311595827e-05
141954,752,1.0,1.33,0.8651437,0.00042290391866117716
142117,753,1.0,1.31,0.86498885,7.045923848636448e-05
142256,754,0.0,1.31,0.8648568,8.122525468934327e-05
142488,755,3.0,1.34,0.8646364,0.00016117758059408516
142635,756,0.0,1.34,0.86449675,6.746460712747648e-05
142992,757,5.0,1.37,0.8641576,0.00010796856076922268
143191,758,1.0,1.36,0.8639685500000001,3.249905785196461e-05
143371,759,1.0,1.36,0.86379755,3.111841942882165e-05
143540,760,0.0,1.36,0.863637,0.0001234299998031929
143677,761,0.0,1.35,0.86350685,0.00012478796998038888
143808,762,0.0,1.34,0.8633824,3.782665589824319e-05
143972,763,1.0,1.35,0.8632266,8.66258778842166e-05
144135,764,1.0,1.34,0.86307175,3.763465792872012e-05
144364,765,2.0,1.34,0.8628542,0.00016039932961575687
144518,766,1.0,1.34,0.8627079,0.0002040399849647656
144832,767,5.0,1.38,0.8624096,5.93852273595985e-05
145057,768,3.0,1.39,0.86219585,5.987444455968216e-05
145411,769,5.0,1.43,0.86185955,0.00013095907343085855
145666,770,3.0,1.44,0.8616173,2.1340089006116614e-05
145826,771,1.0,1.43,0.8614653,3.4571265132399276e-05
146004,772,1.0,1.44,0.8612962,5.749176489189267e-05
146212,773,2.0,1.46,0.8610986,0.00012326888099778444
146370,774,1.0,1.47,0.8609485,8.19726410554722e-05
146579,775,2.0,1.48,0.86074995,1.3579658116213977e-05
146765,776,1.0,1.49,0.8605732500000001,3.260863377363421e-05
146900,777,0.0,1.48,0.860445,0.00011366882245056331
147117,778,2.0,1.5,0.86023885,5.278007301967591e-05
147329,779,2.0,1.51,0.86003745,5.80490413994994e-05
147499,780,1.0,1.5,0.8598759500000001,8.722283382667229e-06
147674,781,1.0,1.48,0.8597097,9.588379180058837e-05
147799,782,0.0,1.46,0.85959095,9.752807818586007e-05
147935,783,0.0,1.43,0.85946175,2.9416893084999174e-05
148092,784,1.0,1.43,0.8593126,8.478414383716881e-05
148264,785,1.0,1.44,0.8591492000000001,1.6260297343251295e-05
148618,786,5.0,1.45,0.8588129,4.322742825024761e-05
148822,787,2.0,1.44,0.8586191,3.461101005086675e-05
148994,788,1.0,1.45,0.8584557,7.077158807078376e-05
149131,789,0.0,1.44,0.85832555,1.7310556359007023e-05
149370,790,3.0,1.45,0.8580985,1.8542301404522732e-05
149562,791,1.0,1.46,0.8579161,3.725301939994097e-05
149724,792,0.0,1.46,0.8577622,0.00035442886292003095
150009,793,4.0,1.5,0.85749145,0.0018315351335331798
150229,794,2.0,1.51,0.85728245,4.255212843418121e-05
150433,795,2.0,1.51,0.85708865,5.2404458983801305e-05
150600,796,1.0,1.52,0.85693,9.154983126791194e-05
150917,797,5.0,1.56,0.85662885,0.00020619298447854817
151097,798,1.0,1.55,0.85645785,8.334784070029855e-05
151326,799,2.0,1.52,0.8562403000000001,8.40068532852456e-05
151458,800,0.0,1.52,0.8561149,0.00015007022011559457
151621,801,1.0,1.49,0.85596005,7.830449612811208e-05
151810,802,1.0,1.5,0.8557805,3.604256926337257e-05
152010,803,2.0,1.51,0.8555905,7.516168989241123e-05
152252,804,3.0,1.51,0.8553606,8.229173545259982e-05
152380,805,0.0,1.51,0.8552390000000001,0.0002774889289867133
152597,806,2.0,1.52,0.85503285,0.00010462073987582698
152804,807,2.0,1.54,0.8548362,4.075135802850127e-05
152936,808,0.0,1.54,0.8547108,1.744550172588788e-05
153095,809,1.0,1.55,0.85455975,0.00015504623297601938
153230,810,0.0,1.53,0.8544315,0.0003325910947751254
153357,811,0.0,1.51,0.8543108500000001,7.739732973277569e-05
153592,812,2.0,1.52,0.8540876,5.749832052970305e-05
153762,813,1.0,1.5,0.8539261,8.200046431738883e-05
153976,814,2.0,1.51,0.8537228,3.183999069733545e-05
154113,815,0.0,1.49,0.85359265,3.2625353924231604e-05
154271,816,1.0,1.45,0.85344255,4.301117223803885e-05
154402,817,0.0,1.43,0.8533181,4.505672768573277e-05
154608,818,2.0,1.45,0.8531224,3.745016147149727e-05
154736,819,0.0,1.44,0.8530008,2.8348425985313952e-05
154917,820,1.0,1.43,0.85282885,2.29864217544673e-05
155066,821,0.0,1.41,0.8526873,8.907250594347715e-05
155208,822,0.0,1.41,0.8525524,2.6643516321200877e-05
155384,823,1.0,1.4,0.8523852000000001,8.08212862466462e-05
155531,824,0.0,1.37,0.85224555,1.8279522919328883e-05
155705,825,1.0,1.36,0.85208025,6.961177132325247e-05
155892,826,2.0,1.38,0.8519026000000001,2.2011476175975986e-05
156052,827,1.0,1.38,0.8517506,1.5518437066930346e-05
156326,828,3.0,1.38,0.8514903,2.290956035722047e-05
156564,829,2.0,1.39,0.8512642,3.682725946418941e-05
156764,830,2.0,1.39,0.8510742,3.412363730603829e-05
156893,831,0.0,1.36,0.8509516500000001,1.307807269768091e-05
157106,832,2.0,1.38,0.8507493,1.8266982806380838e-05
157326,833,2.0,1.4,0.8505403,2.3686034182901494e-05
157472,834,0.0,1.4,0.8504016,4.1441351640969515e-05
157644,835,1.0,1.4,0.8502381999999999,2.1452957298606634e-05
157859,836,2.0,1.39,0.85003395,3.9649174141231924e-05
158018,837,1.0,1.38,0.8498829,1.9939889170927927e-05
158271,838,3.0,1.41,0.84964255,3.3618365705478936e-05
158444,839,1.0,1.42,0.8494782000000001,8.235677523771301e-05
158639,840,1.0,1.42,0.84929295,7.135104533517733e-05
158830,841,1.0,1.41,0.8491115,3.1180523365037516e-05
158999,842,1.0,1.41,0.84895095,3.757255035452545e-05
159131,843,0.0,1.4,0.84882555,9.57234951783903e-05
159271,844,0.0,1.37,0.84869255,6.278385990299284e-05
159447,845,1.0,1.38,0.8485253500000001,2.1350155293475837e-05
159618,846,1.0,1.37,0.8483629,2.4607556042610668e-05
159752,847,0.0,1.36,0.8482356,2.658174344105646e-05
159923,848,1.0,1.35,0.84807315,1.2125434295739979e-05
160174,849,3.0,1.36,0.8478346999999999,0.0009099491289816797
160332,850,1.0,1.34,0.8476846,0.00016131946176756173
160477,851,0.0,1.33,0.84754685,0.0010230786865577102
160641,852,1.0,1.33,0.84739105,0.000139202646096237
160823,853,1.0,1.33,0.84721815,4.528606223175302e-05
160994,854,1.0,1.34,0.8470557000000001,0.0001281383156310767
161300,855,4.0,1.35,0.846765,0.00017945705621968955
161472,856,1.0,1.36,0.8466016000000001,7.144581468310207e-05
161718,857,2.0,1.33,0.8463679,0.000219800989725627
161870,858,0.0,1.32,0.8462235,3.642397132352926e-05
162086,859,2.0,1.33,0.8460183,9.389272599946707e-05
162369,860,4.0,1.37,0.84574945,0.00019416812574490905
162539,861,1.0,1.38,0.84558795,4.5849326852476224e-05
162675,862,0.0,1.38,0.84545875,6.058903818484396e-05
162869,863,2.0,1.39,0.84527445,5.35914114152547e-05
163109,864,3.0,1.41,0.84504645,3.345006189192645e-05
163238,865,0.0,1.39,0.8449239,0.00034617670462466776
163374,866,0.0,1.38,0.8447947,5.24579081684351e-05
163520,867,0.0,1.33,0.8446560000000001,2.867858529498335e-05
163657,868,0.0,1.3,0.84452585,2.5148558052023873e-05
163788,869,0.0,1.25,0.8444014,9.542594489175826e-05
164050,870,3.0,1.25,0.8441525,3.888789797201753e-05
164227,871,1.0,1.25,0.8439843499999999,4.662243009079248e-05
164490,872,4.0,1.28,0.8437345,2.6560108381090686e-05
164689,873,2.0,1.28,0.84354545,9.381618292536587e-05
164824,874,0.0,1.27,0.8434172,1.3192489859648049e-05
164981,875,1.0,1.26,0.84326805,1.3836663129040971e-05
165150,876,1.0,1.26,0.8431075,7.765799819026142e-05
165289,877,0.0,1.26,0.84297545,6.968410161789507e-05
165517,878,2.0,1.26,0.8427588500000001,3.371883576619439e-05
165653,879,0.0,1.24,0.84262965,2.6332227207603864e-05
165778,880,0.0,1.23,0.8425109,6.935012788744643e-05
165988,881,2.0,1.24,0.8423114,0.0001758771832101047
166166,882,1.0,1.25,0.8421423,5.89732444495894e-05
166405,883,3.0,1.28,0.84191525,1.1281180377409328e-05
166536,884,0.0,1.27,0.8417908000000001,9.593831782694906e-05
166780,885,3.0,1.29,0.841559,2.4876822863006964e-05
166965,886,1.0,1.25,0.84138325,4.690354035119526e-05
167098,887,0.0,1.23,0.8412569,9.726797725306824e-05
167226,888,0.0,1.22,0.8411353,1.9632892872323282e-05
167463,889,3.0,1.25,0.84091015,7.6915486715734e-05
167623,890,1.0,1.23,0.84075815,3.2822852517711e-05
167859,891,3.0,1.25,0.84053395,0.00014905350690241903
167989,892,0.0,1.25,0.84041045,1.3009865142521448e-05
168151,893,1.0,1.22,0.84025655,4.0293249185197055e-05
168329,894,1.0,1.21,0.84008745,2.8555956305353902e-05
168461,895,0.0,1.19,0.83996205,5.635966590489261e-05
168595,896,0.0,1.18,0.8398347500000001,1.6396948922192678e-05
168742,897,0.0,1.13,0.8396951,2.0310975742177106e-05
168949,898,2.0,1.14,0.83949845,2.0472973119467497e-05
169102,899,1.0,1.13,0.8393531000000001,2.1957859644317068e-05
169429,900,5.0,1.18,0.83904245,2.643939842528198e-05
169665,901,2.0,1.19,0.83881825,2.2280586563283578e-05
169872,902,2.0,1.2,0.8386216,0.00010975313489325345
170027,903,0.0,1.18,0.83847435,0.0022810210939496756
170230,904,2.0,1.17,0.8382815,9.962098556570709e-05
170411,905,1.0,1.18,0.83810955,0.000781513168476522
170615,906,2.0,1.18,0.8379157500000001,0.0004260383720975369
170746,907,0.0,1.16,0.8377913,0.0004996838979423046
170923,908,1.0,1.17,0.83762315,0.0001841183693613857
171168,909,3.0,1.19,0.8373904,0.00033030661870725453
171308,910,0.0,1.19,0.8372574,9.356178634334356e-05
171509,911,1.0,1.2,0.83706645,4.029252886539325e-05
171872,912,6.0,1.24,0.8367216,5.302650242811069e-05
172045,913,1.0,1.24,0.83655725,3.079301677644253e-05
172170,914,0.0,1.22,0.8364385000000001,0.0003792454081121832
172303,915,0.0,1.22,0.83631215,4.9196372856386006e-05
172455,916,0.0,1.21,0.83616775,4.2451203626114875e-05
172665,917,2.0,1.23,0.83596825,2.651642353157513e-05
172795,918,0.0,1.21,0.83584475,0.00028265794389881194
172984,919,1.0,1.22,0.8356652,1.515468829893507e-05
173187,920,1.0,1.22,0.83547235,2.7945985493715852e-05
173371,921,1.0,1.23,0.8352975499999999,7.600580283906311e-05
173562,922,2.0,1.25,0.8351161,0.00015408365288749337
173830,923,3.0,1.27,0.8348615,7.680689304834232e-05
174094,924,3.0,1.3,0.8346107,3.670510704978369e-05
174269,925,1.0,1.3,0.83444445,4.242564318701625e-05
174398,926,0.0,1.28,0.8343219,3.0903436709195375e-05
174611,927,1.0,1.28,0.83411955,3.7011624954175204e-05
174830,928,2.0,1.27,0.8339115,6.618975749006495e-05
175067,929,3.0,1.28,0.83368635,8.436501229880378e-05
175197,930,0.0,1.26,0.8335628500000001,4.6793931687716395e-05
175426,931,2.0,1.28,0.8333453,7.042690413072705e-05
175553,932,0.0,1.26,0.83322465,1.455535129935015e-05
175714,933,1.0,1.25,0.8330717,3.287993240519427e-05
175889,934,1.0,1.26,0.83290545,4.1815132135525346e-05
176057,935,1.0,1.26,0.83274585,2.8850980015704408e-05
176188,936,0.0,1.24,0.8326214,6.293861952144653e-05
176373,937,1.0,1.24,0.83244565,5.549313937081024e-05
176621,938,3.0,1.24,0.83221005,4.409984830999747e-05
176785,939,1.0,1.24,0.83205425,6.376683450071141e-05
176965,940,1.0,1.24,0.83188325,2.1077037672512233e-05
177108,941,0.0,1.23,0.8317474,3.8048142414481845e-06
177289,942,1.0,1.23,0.83157545,2.3869444703450426e-05
177560,943,3.0,1.26,0.831318,3.162916254950687e-05
177743,944,1.0,1.27,0.83114415,1.534505827294197e-05
177930,945,1.0,1.27,0.8309664999999999,3.1861840398050845e-05
178075,946,0.0,1.26,0.83082875,1.5844350855331868e-05
178212,947,0.0,1.26,0.8306986000000001,1.2188580512884073e-05
178354,948,0.0,1.25,0.8305637,2.6973311832989566e-05
178544,949,2.0,1.24,0.8303832,1.573241752339527e-05
178735,950,1.0,1.24,0.8302017500000001,1.846312079578638e-05
178932,951,1.0,1.25,0.8300145999999999,1.7436417692806572e-05
179099,952,1.0,1.25,0.82985595,1.5945686755003408e-05
179237,953,0.0,1.24,0.8297248500000001,7.718533743172884e-05
179368,954,0.0,1.23,0.8296004,2.7338186555425636e-05
179574,955,2.0,1.21,0.8294047,7.4388699431438e-06
179763,956,2.0,1.22,0.82922515,1.9438895833445713e-05
179954,957,1.0,1.21,0.8290436999999999,3.0787090508965775e-05
180124,958,1.0,1.22,0.8288822,0.0006280209054239094
180326,959,2.0,1.22,0.8286903,0.00011190190707566217
180468,960,0.0,1.18,0.8285554,6.756081711500883e-05
180666,961,2.0,1.19,0.8283673,0.00019969881395809352
180809,962,0.0,1.19,0.82823145,0.00018447265028953552
181028,963,2.0,1.19,0.8280234,0.00013739554560743272
181193,964,1.0,1.17,0.82786665,1.5417957911267877e-05
181412,965,2.0,1.19,0.8276586,0.00014749116962775588
181595,966,1.0,1.2,0.82748475,3.379564805072732e-05
181759,967,1.0,1.21,0.8273289500000001,0.0001724927278701216
181918,968,1.0,1.22,0.8271779,9.283798863179982e-05
182118,969,2.0,1.24,0.8269879,5.7758876209845766e-05
182364,970,3.0,1.24,0.8267542,4.428724059835076e-05
182744,971,7.0,1.3,0.8263932,8.518122922396287e-05
182955,972,2.0,1.28,0.82619275,3.0153150873957202e-05
183225,973,3.0,1.29,0.82593625,0.0001356632128590718
183388,974,1.0,1.3,0.8257814,4.3802712752949446e-05
183615,975,2.0,1.31,0.82556575,0.00022452801931649446
183745,976,0.0,1.3,0.82544225,5.761395186709706e-06
183892,977,0.0,1.3,0.8253026,6.916801794432104e-05
184087,978,1.0,1.29,0.82511735,5.1894981879740953e-05
184335,979,3.0,1.32,0.82488175,2.5583913156879134e-05
184563,980,2.0,1.34,0.82466515,1.651570710237138e-05
184706,981,0.0,1.32,0.8245293,0.00015403526776935905
184883,982,1.0,1.32,0.82436115,0.00011285336222499609
185019,983,0.0,1.29,0.82423195,1.3161590686650015e-05
185179,984,0.0,1.29,0.82407995,0.00016825854254420847
185327,985,0.0,1.26,0.8239393500000001,3.1584804673912004e-05
185467,986,0.0,1.25,0.82380635,4.2753406887641177e-05
185603,987,0.0,1.25,0.82367715,8.116877324937377e-06
185805,988,2.0,1.27,0.8234852500000001,2.5459912649239413e-05
185992,989,1.0,1.25,0.8233076,2.7926758775720373e-05
186157,990,1.0,1.25,0.82315085,0.00011608250497374684
186292,991,0.0,1.22,0.8230226,5.446698924060911e-05
186432,992,0.0,1.22,0.8228896,1.005447302304674e-05
186569,993,0.0,1.21,0.82275945,1.1825481124105863e-05
186724,994,0.0,1.2,0.8226122,2.2369487851392478e-05
186855,995,0.0,1.2,0.8224877500000001,3.8961188693065196e-05
186984,996,0.0,1.2,0.8223652,0.00016866288206074387
187116,997,0.0,1.2,0.8222398,1.9708601030288264e-05
187343,998,2.0,1.2,0.8220241500000001,7.625966190971667e-06
187517,999,1.0,1.2,0.82185885,3.954052590415813e-05
187708,1000,1.0,1.16,0.8216774,1.7338259567623027e-05
187886,1001,1.0,1.15,0.8215083000000001,4.433433787198737e-05
188033,1002,0.0,1.13,0.82136865,2.5463654310442507e-05
188160,1003,0.0,1.13,0.821248,7.203000859590247e-05
188435,1004,4.0,1.15,0.82098675,1.4169350833981298e-05
188618,1005,1.0,1.15,0.8208129,3.219892460037954e-05
188800,1006,1.0,1.14,0.82064,0.001422931207343936
189117,1007,4.0,1.18,0.82033885,2.511160528229084e-05
189247,1008,0.0,1.17,0.82021535,2.692802263482008e-05
189394,1009,0.0,1.14,0.8200757,5.639747905661352e-05
189531,1010,0.0,1.14,0.81994555,4.3529667891561985e-05
189700,1011,1.0,1.14,0.819785,3.1491446861764416e-05
189873,1012,1.0,1.09,0.8196206500000001,2.6984038413502276e-05
190015,1013,0.0,1.08,0.81948575,0.00029330767574720085
190190,1014,1.0,1.09,0.8193195,0.00018045077740680426
190396,1015,2.0,1.11,0.8191238000000001,0.00026678218273445964
190669,1016,3.0,1.14,0.81886445,2.3599575797561556e-05
190885,1017,2.0,1.14,0.8186592500000001,0.00010258857946610078
191014,1018,0.0,1.14,0.8185367,0.000519525317940861
191310,1019,4.0,1.17,0.8182555,4.072462979820557e-05
191546,1020,3.0,1.19,0.8180313,3.123360511381179e-05
191682,1021,0.0,1.18,0.8179021,8.06661628303118e-05
191931,1022,3.0,1.19,0.8176655500000001,9.208268602378666e-05
192096,1023,1.0,1.17,0.8175088,4.628865281119943e-05
192296,1024,1.0,1.15,0.8173188,6.381409184541553e-05
192511,1025,2.0,1.16,0.81711455,9.673889144323766e-05
192691,1026,1.0,1.17,0.81694355,9.74713038885966e-05
192902,1027,2.0,1.18,0.8167431,0.0010293277446180582
193094,1028,2.0,1.18,0.8165607,0.00021681124053429812
193388,1029,3.0,1.18,0.8162814,0.00021404922881629318
193597,1030,2.0,1.2,0.81608285,0.0004878325271420181
193772,1031,1.0,1.19,0.8159166,0.00010242602729704231
194098,1032,4.0,1.23,0.8156069,4.169890598859638e-05
194270,1033,1.0,1.23,0.8154435,1.3731874787481502e-05
194403,1034,0.0,1.22,0.81531715,4.753534449264407e-05
194579,1035,1.0,1.22,0.81514995,2.46555373450974e-05
194753,1036,1.0,1.23,0.81498465,0.00047543583787046373
194932,1037,1.0,1.23,0.8148146,4.015667218482122e-05
195167,1038,2.0,1.22,0.8145913499999999,6.433883390855044e-05
195314,1039,0.0,1.21,0.8144517,0.00032931193709373474
195483,1040,0.0,1.2,0.8142911500000001,5.564784805756062e-05
195613,1041,0.0,1.2,0.81416765,2.4380737158935517e-05
195794,1042,1.0,1.2,0.8139957,3.130844561383128e-05
195925,1043,0.0,1.17,0.81387125,1.77806487045018e-05
196056,1044,0.0,1.16,0.8137468,5.263076309347525e-05
196231,1045,1.0,1.16,0.81358055,0.00011409384751459584
196492,1046,3.0,1.19,0.8133326000000001,0.00017416932678315789
196621,1047,0.0,1.19,0.81321005,3.572166679077782e-05
196861,1048,2.0,1.21,0.81298205,0.000401827332098037
196988,1049,0.0,1.19,0.8128614000000001,2.699090873647947e-05
197228,1050,2.0,1.2,0.8126334000000001,9.06335553736426e-05
197358,1051,0.0,1.19,0.8125099,2.463021519361064e-05
197597,1052,3.0,1.21,0.81228285,2.3089216483640485e-05
197736,1053,0.0,1.21,0.8121508,4.433681897353381e-05
197925,1054,2.0,1.23,0.81197125,6.404260057024658e-05
198121,1055,1.0,1.22,0.81178505,8.939762665249873e-06
198301,1056,1.0,1.21,0.81161405,0.0001683591544860974
198475,1057,1.0,1.21,0.81144875,0.00014163627929519862
198647,1058,1.0,1.21,0.81128535,8.954481018008664e-06
198839,1059,1.0,1.2,0.81110295,1.897834772535134e-05
198970,1060,0.0,1.2,0.8109785,3.180398925906047e-05
199103,1061,0.0,1.18,0.81085215,5.205021079746075e-05
199262,1062,1.0,1.19,0.8107011,2.4033735826378688e-05
199478,1063,2.0,1.19,0.8104959,1.7833233869168907e-05
199711,1064,2.0,1.2,0.81027455,6.159314125397941e-06
199846,1065,0.0,1.18,0.8101463,0.00014932856720406562
200001,1066,2.0,1.19,0.80999905,9.604926890460774e-05
200205,1067,2.0,1.2,0.80980525,0.00011374209134373814
200439,1068,2.0,1.21,0.80958295,0.00013657913950737566
200615,1069,1.0,1.2,0.80941575,0.0008060595137067139
200768,1070,0.0,1.17,0.8092704,0.0002954926749225706
200913,1071,0.0,1.1,0.80913265,8.497890667058527e-05
201084,1072,1.0,1.09,0.8089702,0.0004160586977377534
201296,1073,2.0,1.08,0.8087688,0.0004057559126522392
201429,1074,0.0,1.07,0.80864245,0.00021666397515218705
201642,1075,2.0,1.07,0.8084401,0.0005749691044911742
201782,1076,0.0,1.07,0.8083071000000001,6.262498209252954e-05
202031,1077,3.0,1.1,0.80807055,0.0002880629326682538
202252,1078,2.0,1.11,0.8078606,2.9767768864985555e-05
202386,1079,0.0,1.08,0.8077333,4.268961856723763e-05
202552,1080,1.0,1.07,0.8075756000000001,0.0011545857414603233
202783,1081,2.0,1.09,0.80735615,2.075092743325513e-05
203009,1082,2.0,1.1,0.80714145,5.645423516398296e-05
203144,1083,0.0,1.1,0.8070132,0.0002954654046334326
203322,1084,1.0,1.11,0.8068441,2.73614059551619e-05
203484,1085,1.0,1.12,0.8066902,4.195807559881359e-05
203648,1086,1.0,1.13,0.8065344,0.0004862797213718295
203847,1087,1.0,1.14,0.80634535,0.00022945432283449918
203975,1088,0.0,1.12,0.80622375,0.00010602771362755448
204190,1089,2.0,1.13,0.8060195,0.0008463762933388352
204315,1090,0.0,1.12,0.8059007499999999,0.00019263112335465848
204648,1091,5.0,1.17,0.8055844,5.69868934690021e-05
204831,1092,1.0,1.18,0.80541055,0.00019896264711860567
205041,1093,2.0,1.2,0.80521105,0.00012333376798778772
205179,1094,0.0,1.2,0.80507995,0.00028016933356411755
205322,1095,0.0,1.2,0.8049440999999999,2.346016299270559e-05
205484,1096,1.0,1.21,0.8047902,7.609881868120283e-05
205628,1097,0.0,1.21,0.8046534,9.303088882006705e-05
205806,1098,1.0,1.2,0.8044843,1.4880379239912145e-05
206000,1099,1.0,1.2,0.8043,2.5131306756520644e-05
206145,1100,0.0,1.19,0.8041622500000001,5.856821735505946e-05
206284,1101,0.0,1.18,0.8040302,3.3254629670409486e-05
206450,1102,1.0,1.19,0.8038725,4.767374412040226e-05
206657,1103,2.0,1.21,0.80367585,3.410626231925562e-05
206818,1104,1.0,1.18,0.8035229,3.0513998353853822e-05
207004,1105,1.0,1.18,0.8033462,8.266927761724219e-05
207168,1106,1.0,1.18,0.8031904000000001,2.7331243472872302e-05
207413,1107,3.0,1.17,0.80295765,0.0002330057614017278
207606,1108,1.0,1.18,0.8027743,4.1722552850842476e-05
207735,1109,0.0,1.18,0.80265175,4.088903369847685e-05
207920,1110,1.0,1.19,0.802476,4.222027928335592e-05
208077,1111,1.0,1.19,0.80232685,6.603846122743562e-05
208290,1112,2.0,1.2,0.8021245,2.945097912743222e-05
208492,1113,1.0,1.21,0.8019326,3.314161949674599e-05
208664,1114,1.0,1.21,0.8017692000000001,0.0003767707967199385
208849,1115,1.0,1.2,0.80159345,9.62971262197243e-06
209032,1116,1.0,1.18,0.8014196,3.132683923467994e-05
209197,1117,1.0,1.17,0.8012628500000001,9.477890853304416e-05
209373,1118,1.0,1.18,0.8010956499999999,3.386195749044418e-05
209562,1119,1.0,1.15,0.8009161,0.00015144005010370165
209753,1120,2.0,1.14,0.80073465,1.795637399482075e-05
209947,1121,2.0,1.16,0.80055035,5.628660073853098e-05
210130,1122,1.0,1.14,0.8003765,0.0002699822944123298
210341,1123,2.0,1.15,0.80017605,0.0001926682161865756
210518,1124,1.0,1.15,0.8000079,2.35310108109843e-05
210690,1125,1.0,1.14,0.7998445000000001,0.00039068720070645213
210826,1126,0.0,1.13,0.7997153,7.934837776701897e-05
211062,1127,3.0,1.14,0.7994911,8.533945947419852e-05
211240,1128,1.0,1.13,0.799322,0.00012617303582374007
211515,1129,4.0,1.14,0.79906075,0.0001108138239942491
211691,1130,1.0,1.13,0.7988935500000001,4.4493099267128855e-05
212000,1131,4.0,1.16,0.7986,0.0005469805910252035
212289,1132,4.0,1.16,0.79832545,0.000609706505201757
212428,1133,0.0,1.15,0.7981933999999999,0.0005147790070623159
212644,1134,2.0,1.17,0.7979882,8.575646643294021e-05
212894,1135,2.0,1.18,0.7977507,0.0001901395444292575
213076,1136,1.0,1.18,0.7975778,0.00016996162594296038
213326,1137,3.0,1.2,0.7973403,0.00016507106192875654
213539,1138,2.0,1.2,0.79713795,4.111718953936361e-05
213714,1139,1.0,1.21,0.7969717000000001,0.00012404812150634825
213871,1140,1.0,1.22,0.79682255,7.787649519741535e-05
214088,1141,2.0,1.24,0.7966164,0.0003796839446295053
214313,1142,3.0,1.26,0.79640265,9.74249851424247e-05
214548,1143,2.0,1.28,0.7961794,0.0003949069359805435
214732,1144,1.0,1.29,0.7960046000000001,0.0009006711770780385
214860,1145,0.0,1.28,0.795883,4.4503132812678814e-05
214991,1146,0.0,1.25,0.79575855,2.612292519188486e-05
215143,1147,0.0,1.25,0.79561415,0.00018492912931833416
215273,1148,0.0,1.23,0.7954906500000001,7.945467223180458e-05
215498,1149,2.0,1.25,0.7952769,0.00023905183479655534
215664,1150,1.0,1.24,0.7951192,2.6623903977451846e-05
215796,1151,0.0,1.24,0.7949938000000001,6.212144216988236e-05
215970,1152,1.0,1.22,0.7948285,0.00017769743863027543
216275,1153,5.0,1.27,0.7945387500000001,7.559153891634196e-05
216450,1154,1.0,1.26,0.7943725,3.3960164728341624e-05
216703,1155,3.0,1.28,0.79413215,3.220469443476759e-05
216847,1156,0.0,1.27,0.79399535,4.6209210267988965e-05
217056,1157,2.0,1.28,0.7937968,3.831942012766376e-05
217218,1158,1.0,1.28,0.7936429,0.0003534134302753955
217368,1159,0.0,1.27,0.7935004,0.0001186929875984788
217536,1160,1.0,1.28,0.7933408,7.578318763989955e-05
217752,1161,2.0,1.3,0.7931356,0.0005983992596156895
218020,1162,4.0,1.33,0.7928810000000001,0.0004432690911926329
218233,1163,2.0,1.33,0.79267865,4.991740206605755e-05
218457,1164,2.0,1.33,0.79246585,5.55907390662469e-05
218597,1165,0.0,1.33,0.79233285,0.00021941478189546615
218799,1166,2.0,1.33,0.7921409500000001,0.00043335920781828463
219003,1167,2.0,1.33,0.79194715,2.059254256892018e-05
219160,1168,0.0,1.31,0.791798,0.0001343477633781731
219301,1169,0.0,1.3,0.7916640500000001,0.00018576806178316474
219433,1170,0.0,1.3,0.79153865,0.0003023611498065293
219682,1171,3.0,1.33,0.7913021,0.00012521917233243585
219983,1172,4.0,1.36,0.79101615,0.0042668539099395275
220191,1173,2.0,1.36,0.79081855,0.000220582471229136
220420,1174,2.0,1.38,0.790601,0.0007159023662097752
220556,1175,0.0,1.36,0.7904718,0.0004296349361538887
220688,1176,0.0,1.36,0.7903464,7.881962665123865e-05
220828,1177,0.0,1.33,0.7902134000000001,0.0006584177608601749
221054,1178,2.0,1.33,0.7899986999999999,0.00033703679218888283
221212,1179,0.0,1.33,0.7898486,0.00023208087077364326
221464,1180,2.0,1.34,0.7896092,0.00012100498133804649
221663,1181,2.0,1.34,0.78942015,0.0002483219432178885
221877,1182,2.0,1.34,0.7892168500000001,0.00034564093220978975
222074,1183,2.0,1.36,0.7890297000000001,0.0005563365994021297
222207,1184,0.0,1.35,0.78890335,0.0018317541107535362
222414,1185,2.0,1.36,0.7887067,0.0006045245099812746
222589,1186,1.0,1.36,0.78854045,0.00047805774374864995
222888,1187,4.0,1.39,0.7882564,0.0001317143760388717
223131,1188,2.0,1.41,0.78802555,0.0008846944547258317
223308,1189,1.0,1.4,0.7878574,9.428105113329366e-05
223520,1190,2.0,1.42,0.787656,8.062290726229548e-05
223669,1191,0.0,1.37,0.78751445,0.00038418389158323407
223801,1192,0.0,1.36,0.78738905,0.00013677110837306827
223973,1193,1.0,1.35,0.78722565,0.00024399301037192345
224188,1194,2.0,1.37,0.7870214,0.0002461420081090182
224468,1195,3.0,1.4,0.7867554,0.0001534777693450451
224590,1196,0.0,1.39,0.7866394999999999,0.00012310768943279982
224756,1197,1.0,1.4,0.7864818,8.146227628458291e-05
225022,1198,3.0,1.42,0.7862291,0.0002397300850134343
225270,1199,3.0,1.44,0.7859935,4.75984561489895e-05
225434,1200,1.0,1.45,0.7858377000000001,0.00021858490072190762
225649,1201,2.0,1.47,0.78563345,0.001891487161628902
225834,1202,1.0,1.47,0.7854577,0.00013540957297664136
226028,1203,1.0,1.46,0.7852734,0.0002091720380121842
226235,1204,2.0,1.47,0.78507675,0.00014716674922965467
226481,1205,3.0,1.49,0.78484305,0.0002016938233282417
226800,1206,5.0,1.53,0.78454,0.00015808329044375569
227007,1207,1.0,1.51,0.78434335,0.00023353648430202156
227207,1208,1.0,1.51,0.78415335,0.0002403843100182712
227471,1209,3.0,1.54,0.78390255,0.0005738505278714001
227654,1210,1.0,1.54,0.7837287000000001,0.00043493384146131575
227881,1211,2.0,1.55,0.78351305,0.00017016427591443062
228266,1212,6.0,1.59,0.7831473,0.00013136427151039243
228406,1213,0.0,1.58,0.7830143,0.00030335597693920135
228582,1214,1.0,1.58,0.7828471,0.00020979355031158775
228850,1215,3.0,1.6,0.7825925,0.0002667080843821168
229007,1216,0.0,1.59,0.78244335,3.442904926487245e-05
229215,1217,2.0,1.6,0.78224575,4.4023574446327984e-05
229359,1218,0.0,1.59,0.78210895,0.00135223928373307
229719,1219,5.0,1.63,0.78176695,0.0002938721445389092
229980,1220,3.0,1.64,0.7815190000000001,5.6292032240889966e-05
230115,1221,0.0,1.62,0.78139075,0.0006072320975363255
230275,1222,1.0,1.62,0.78123875,0.001237594406120479
230529,1223,3.0,1.63,0.78099745,0.0005628939252346754
230828,1224,4.0,1.66,0.7807134,0.0006786916637793183
231073,1225,2.0,1.67,0.78048065,0.0007418114691972733
231286,1226,2.0,1.69,0.7802783,0.0010415667202323675
231558,1227,3.0,1.69,0.7800199,0.0008321302011609077
231726,1228,1.0,1.69,0.7798603000000001,0.0006295054918155074
231930,1229,2.0,1.67,0.7796665,0.0002944683365058154
232076,1230,0.0,1.66,0.7795278,0.00025680821272544563
232225,1231,0.0,1.62,0.7793862500000001,0.0007403357303701341
232462,1232,3.0,1.61,0.7791611,8.293186692753807e-05
232590,1233,0.0,1.61,0.7790395,0.00011347861436661333
232813,1234,2.0,1.61,0.77882765,0.0003434857353568077
233072,1235,3.0,1.62,0.7785816,0.0004190694016870111
233277,1236,2.0,1.63,0.77838685,0.0009533941629342735
233446,1237,1.0,1.61,0.7782263,0.00034498085733503103
233701,1238,3.0,1.62,0.77798405,0.0002162682794732973
233993,1239,4.0,1.65,0.77770665,0.0008820375660434365
234178,1240,1.0,1.65,0.7775309,0.00012329561286605895
234374,1241,1.0,1.64,0.7773447,0.0004732075030915439
234693,1242,5.0,1.66,0.77704165,0.00036133211688138545
234863,1243,1.0,1.65,0.77688015,0.00022149109281599522
234995,1244,0.0,1.64,0.77675475,0.0001295478141400963
235170,1245,1.0,1.65,0.7765885,0.00034885527566075325
235314,1246,0.0,1.65,0.7764517,0.0004204670258332044
235454,1247,0.0,1.65,0.7763187,0.00040206839912571013
235667,1248,2.0,1.67,0.77611635,0.00023716207942925394
235823,1249,1.0,1.66,0.77596815,0.0011111559579148889
235982,1250,1.0,1.66,0.7758171,0.00010118854697793722
236198,1251,2.0,1.68,0.7756119,0.0006600234191864729
236482,1252,4.0,1.71,0.7753421,9.431131184101105e-05
236633,1253,0.0,1.66,0.77519865,0.00034546060487627983
237025,1254,6.0,1.71,0.77482625,0.0002886411384679377
237267,1255,2.0,1.7,0.77459635,0.0002879858948290348
237399,1256,0.0,1.7,0.77447095,0.00016091304132714868
237658,1257,3.0,1.71,0.7742249,0.0008050720789469779
237789,1258,0.0,1.7,0.77410045,0.0003491317038424313
237956,1259,1.0,1.71,0.7739418,0.00021994492271915078
238106,1260,0.0,1.7,0.7737993,0.0006658845813944936
238295,1261,1.0,1.69,0.7736197499999999,0.0004356286663096398
238475,1262,1.0,1.66,0.77344875,0.00016126304399222136
238800,1263,5.0,1.69,0.7731399999999999,0.0001253404770977795
239104,1264,4.0,1.71,0.7728512,0.00030527907074429095
239262,1265,0.0,1.71,0.7727011,8.419510413659737e-05
239452,1266,1.0,1.7,0.7725206,0.0011049130698665977
239675,1267,2.0,1.7,0.77230875,0.00021712167654186487
239866,1268,2.0,1.72,0.7721273,0.0010919084306806326
240059,1269,2.0,1.74,0.77194395,0.0006459442665800452
240259,1270,2.0,1.76,0.77175395,0.00038609252078458667
240481,1271,2.0,1.75,0.77154305,0.0011270507238805294
240655,1272,1.0,1.72,0.77137775,0.00033552327658981085
240827,1273,1.0,1.71,0.7712143499999999,0.000741971074603498
241070,1274,2.0,1.71,0.7709835,0.00018011256179306656
241404,1275,5.0,1.76,0.7706662,0.00015406553575303406
241708,1276,4.0,1.8,0.7703774,0.001622130861505866
241896,1277,2.0,1.82,0.7701988,0.0009124607895500958
242146,1278,3.0,1.83,0.7699613000000001,0.00043728161836043
242357,1279,2.0,1.85,0.76976085,0.0003469762741588056
242505,1280,0.0,1.83,0.76962025,0.0010316760744899511
242674,1281,1.0,1.82,0.7694597,0.00010470573033671826
242823,1282,0.0,1.8,0.76931815,0.0006834499654360116
242998,1283,1.0,1.79,0.7691519,0.0009073670371435583
243266,1284,4.0,1.83,0.7688973,0.0007272206130437553
243433,1285,1.0,1.82,0.76873865,0.0001956681371666491
243802,1286,6.0,1.87,0.7683881,0.0004567488795146346
243981,1287,1.0,1.84,0.76821805,0.00023052006145007908
244238,1288,3.0,1.85,0.7679739,0.0005534581723622978
244369,1289,0.0,1.84,0.76784945,0.0006721642566844821
244529,1290,1.0,1.83,0.76769745,0.0005198766011744738
244891,1291,6.0,1.89,0.76735355,0.0005373476888053119
245038,1292,0.0,1.89,0.7672139,0.0008894451893866062
245240,1293,2.0,1.9,0.767022,0.000189436788787134
245527,1294,4.0,1.92,0.76674935,0.00021970897796563804
245803,1295,4.0,1.93,0.76648715,0.00015775224892422557
245934,1296,0.0,1.93,0.7663627,0.0005950588965788484
246066,1297,0.0,1.92,0.7662373,0.0015083430334925652
246231,1298,1.0,1.9,0.76608055,0.000814926577731967
246442,1299,2.0,1.89,0.7658801,0.0003688042052090168
246795,1300,5.0,1.93,0.76554475,0.0002860600361600518
247002,1301,2.0,1.93,0.7653481,0.0005987855256535113
247287,1302,4.0,1.96,0.76507735,4.705052560893819e-05
247432,1303,0.0,1.95,0.7649395999999999,0.0011059402022510767
247600,1304,1.0,1.94,0.76478,0.00025401258608326316
247833,1305,3.0,1.94,0.76455865,0.00018205351079814136
247973,1306,0.0,1.89,0.76442565,0.0008796710753813386
248180,1307,2.0,1.9,0.764229,0.00015990555402822793
248448,1308,4.0,1.93,0.7639743999999999,0.0008825769764371216
248705,1309,3.0,1.93,0.76373025,0.00020019698422402143
248922,1310,2.0,1.94,0.7635241,0.0003170926938764751
249129,1311,2.0,1.94,0.76332745,0.0001997589715756476
249436,1312,5.0,1.93,0.7630358,0.0002131630026269704
249653,1313,2.0,1.95,0.76282965,0.0002814368926919997
249834,1314,1.0,1.95,0.7626577,0.00033941291621886194
250041,1315,2.0,1.94,0.76246105,0.0010103561216965318
250357,1316,5.0,1.99,0.76216085,0.0010080048814415932
250526,1317,1.0,1.98,0.7620003,0.00026216224068775773
250740,1318,2.0,2.0,0.7617970000000001,0.0005459080566652119
250931,1319,2.0,1.97,0.76161555,0.0004593472694978118
251070,1320,0.0,1.94,0.7614835,0.0005808243295177817
251294,1321,2.0,1.96,0.7612707,0.001478697406128049
251524,1322,2.0,1.97,0.7610522,0.00012249642168171704
251734,1323,2.0,1.96,0.7608527,0.0007444801740348339
252018,1324,3.0,1.95,0.7605829,0.0002649266680236906
252289,1325,4.0,1.97,0.7603254500000001,0.0005623334436677396
252541,1326,4.0,1.99,0.76008605,0.0006139608449302614
252684,1327,0.0,1.96,0.7599502,0.0005287349922582507
252920,1328,2.0,1.97,0.759726,0.0005903910496272147
253187,1329,3.0,1.98,0.75947235,0.00041584536666050553
253371,1330,1.0,1.99,0.75929755,0.00016415998106822371
253613,1331,3.0,2.02,0.75906765,0.0009088096558116376
253774,1332,1.0,2.0,0.7589147,0.0005185764748603106
254059,1333,4.0,2.04,0.7586439500000001,0.0003338409005664289
254227,1334,1.0,2.03,0.75848435,0.00033623824128881097
254439,1335,2.0,2.02,0.75828295,0.000364196312148124
254730,1336,4.0,2.04,0.7580065,0.00034223851980641484
255023,1337,3.0,2.06,0.75772815,0.000578596256673336
255188,1338,1.0,2.04,0.7575714,0.00044429872650653124
255364,1339,1.0,2.01,0.7574042000000001,0.0005925336736254394
255598,1340,2.0,2.02,0.7571819,0.00030913978116586804
255762,1341,1.0,2.02,0.7570261,0.0003755781799554825
255985,1342,3.0,2.0,0.75681425,0.00015242432709783316
256130,1343,0.0,1.99,0.7566765,0.0008980067796073854
256269,1344,0.0,1.99,0.75654445,0.00033520450233481824
256549,1345,4.0,2.02,0.7562784499999999,0.00042766149272210896
256766,1346,2.0,2.04,0.7560723,0.0003931846295017749
257051,1347,4.0,2.08,0.75580155,0.00035786849912256
257216,1348,1.0,2.07,0.7556448,0.00034035718999803066
257349,1349,0.0,2.06,0.7555184500000001,0.00046251193271018565
257610,1350,3.0,2.08,0.7552705,0.00034521956695243716
257914,1351,4.0,2.1,0.7549817000000001,0.000289702758891508
258097,1352,1.0,2.07,0.75480785,0.0002599637082312256
258232,1353,0.0,2.07,0.7546796,0.0007643557037226856
258516,1354,4.0,2.05,0.7544098,0.00013138237409293652
258829,1355,4.0,2.07,0.75411245,0.00036719153285957873
259138,1356,4.0,2.11,0.7538189000000001,0.0005359707865864038
259400,1357,3.0,2.11,0.75357,0.00015435383829753846
259600,1358,1.0,2.12,0.75338,0.0011810044525191188
259871,1359,4.0,2.15,0.7531225500000001,0.00019740714924409986
260075,1360,2.0,2.17,0.75292875,0.0006792214117012918
260273,1361,1.0,2.17,0.75274065,0.0004719363641925156
260457,1362,1.0,2.17,0.75256585,0.0004979070508852601
260653,1363,2.0,2.14,0.75237965,0.00023979309480637312
260826,1364,1.0,2.11,0.7522153,0.0007081822259351611
260955,1365,0.0,2.11,0.7520927500000001,0.0009746071882545948
261257,1366,4.0,2.14,0.75180585,0.0006538235465995967
261611,1367,5.0,2.17,0.75146955,0.00022152296151034534
261904,1368,4.0,2.19,0.7511912,0.00023075833451002836
262065,1369,1.0,2.18,0.75103825,0.0005192228709347546
262244,1370,1.0,2.17,0.7508682,0.0008900637039914727
262483,1371,3.0,2.18,0.75064115,0.0005064270808361471
262653,1372,1.0,2.18,0.7504796499999999,0.0006566562806256115
262880,1373,2.0,2.19,0.750264,0.0003556239535100758
263018,1374,0.0,2.17,0.7501329000000001,0.00015963430632837117
263153,1375,0.0,2.12,0.7500046499999999,0.00025992875453084707
263402,1376,3.0,2.11,0.7497681,0.00045982308802194893
263614,1377,2.0,2.11,0.7495666999999999,0.00028033286798745394
263935,1378,5.0,2.13,0.7492617500000001,0.0001522648672107607
264157,1379,2.0,2.13,0.74905085,0.0005565584870055318
264319,1380,1.0,2.14,0.74889695,0.0003414853708818555
264642,1381,4.0,2.17,0.7485901,0.0003728838637471199
264809,1382,1.0,2.18,0.74843145,0.0006473174435086548
265096,1383,4.0,2.21,0.7481588,0.0007173893391154706
265386,1384,5.0,2.22,0.7478833,0.00039478385588154197
265517,1385,0.0,2.21,0.7477588500000001,0.000209808858926408
265830,1386,4.0,2.19,0.7474615,0.00032924264087341726
266041,1387,2.0,2.2,0.74726105,0.0003318453091196716
266249,1388,2.0,2.19,0.74706345,0.0006030563381500542
266564,1389,5.0,2.24,0.7467642,0.0002901187399402261
266709,1390,0.0,2.23,0.74662645,0.00031847739592194557
266930,1391,2.0,2.19,0.7464165,0.00040204310789704323
267108,1392,0.0,2.19,0.7462474,0.0002920159022323787
267242,1393,0.0,2.17,0.7461201,0.0007227785536088049
267533,1394,4.0,2.17,0.74584365,0.00022666748554911464
267810,1395,3.0,2.16,0.7455805,0.0003732413169927895
268014,1396,2.0,2.18,0.7453867000000001,0.00030091856024228036
268197,1397,1.0,2.19,0.7452128499999999,0.0006501175812445581
268387,1398,1.0,2.19,0.74503235,0.0007447075913660228
268747,1399,5.0,2.22,0.74469035,0.0006108128582127392
268903,1400,1.0,2.18,0.74454215,0.00011678242299240083
269090,1401,1.0,2.17,0.7443645000000001,0.00026435189647600055
269313,1402,2.0,2.15,0.74415265,0.00019170684390701354
269610,1403,5.0,2.2,0.7438705,0.0003313259803690016
269817,1404,2.0,2.21,0.74367385,0.0002212353138020262
270017,1405,2.0,2.2,0.7434838500000001,0.0018751354655250907
270223,1406,2.0,2.22,0.74328815,0.0018464834429323673
270521,1407,4.0,2.24,0.7430050500000001,0.0002600463922135532
270742,1408,2.0,2.22,0.7427951,0.0007395665743388236
271002,1409,2.0,2.21,0.7425481,0.0003332240739837289
271262,1410,3.0,2.22,0.7423010999999999,0.00030946373590268195
271397,1411,0.0,2.2,0.74217285,0.0009256884804926813
271560,1412,1.0,2.16,0.7420180000000001,0.00036208637175150216
271686,1413,0.0,2.14,0.7418983,0.00040115800220519304
271965,1414,3.0,2.16,0.74163325,0.000419182499172166
272174,1415,2.0,2.16,0.7414347,0.0005112990620546043
272455,1416,4.0,2.15,0.74116775,0.0005070647457614541
272706,1417,3.0,2.17,0.7409293,0.0002613248070701957
272885,1418,1.0,2.16,0.74075925,0.000569495721720159
273264,1419,5.0,2.19,0.7403991999999999,0.0009052191162481904
273709,1420,9.0,2.28,0.73997645,0.0007885540253482759
273930,1421,2.0,2.28,0.7397665,0.0005185705376788974
274177,1422,3.0,2.29,0.73953185,0.0004563102265819907
274390,1423,2.0,2.29,0.7393295,0.0003013435925822705
274663,1424,4.0,2.3,0.7390701500000001,0.00023178690753411502
274806,1425,0.0,2.26,0.7389343,0.0006015721592120826
275060,1426,3.0,2.25,0.738693,0.0004434061120264232
275316,1427,3.0,2.28,0.7384497999999999,0.0005998086999170482
275580,1428,3.0,2.29,0.738199,0.00042535795364528894
275747,1429,1.0,2.27,0.73804035,0.0003045291523449123
276071,1430,5.0,2.31,0.73773255,0.0005997529369778931
276374,1431,4.0,2.32,0.7374447,0.00033976335544139147
276752,1432,6.0,2.37,0.7370856,0.0005494053475558758
277033,1433,4.0,2.37,0.73681865,0.0002711194974835962
277353,1434,4.0,2.4,0.7365146499999999,0.0016006645746529102
277701,1435,6.0,2.44,0.7361840500000001,6.70333974994719e-05
277933,1436,3.0,2.43,0.73596365,0.0005232201074250042
278221,1437,4.0,2.44,0.7356900500000001,0.00019090899149887264
278499,1438,4.0,2.47,0.73542595,0.00026443027309142053
278731,1439,2.0,2.48,0.73520555,0.0004308938514441252
279013,1440,4.0,2.5,0.73493765,0.0006306668510660529
279230,1441,2.0,2.51,0.7347315000000001,0.0003982463967986405
279385,1442,1.0,2.49,0.7345842499999999,0.00027929447242058814
279560,1443,1.0,2.5,0.734418,0.00018106159404851496
279764,1444,2.0,2.52,0.7342242,0.00015111174434423447
279904,1445,0.0,2.48,0.7340911999999999,0.00038981615216471255
280092,1446,1.0,2.47,0.7339126,0.0010277641704306006
280352,1447,3.0,2.46,0.7336656,0.0007597863441333175
280530,1448,1.0,2.46,0.7334965,0.00034470672835595906
280677,1449,0.0,2.46,0.7333568500000001,0.0006242177332751453
280875,1450,1.0,2.44,0.73316875,0.0005928181926719844
281044,1451,1.0,2.41,0.7330082,0.002027038484811783
281466,1452,7.0,2.47,0.7326073,0.0004523226525634527
281881,1453,6.0,2.53,0.73221305,0.0001409787219017744
282321,1454,7.0,2.56,0.73179505,0.0005545180756598711
282697,1455,6.0,2.58,0.7314378500000001,0.0006858054548501968
282916,1456,2.0,2.56,0.7312297999999999,0.0009293411858379841
283288,1457,6.0,2.59,0.7308764000000001,0.000590459443628788
283532,1458,4.0,2.62,0.7306446,0.00020331909763626754
283721,1459,1.0,2.59,0.7304650500000001,0.0001911351428134367
283887,1460,1.0,2.58,0.73030735,0.0007314810645766556
284212,1461,4.0,2.61,0.7299986,0.00019055212032981217
284544,1462,5.0,2.65,0.7296832,0.0007581993704661727
284824,1463,4.0,2.67,0.7294172,0.0005659098969772458
285174,1464,5.0,2.71,0.7290847,0.00045093806693330407
285452,1465,4.0,2.75,0.7288206,0.000357866840204224
285661,1466,2.0,2.73,0.72862205,0.00030479286215268075
285806,1467,0.0,2.68,0.7284843000000001,0.0005876243812963367
286260,1468,7.0,2.71,0.7280530000000001,0.0005951800849288702
286685,1469,7.0,2.77,0.72764925,0.0006723562837578356
286819,1470,0.0,2.76,0.7275219500000001,0.0012979507446289062
287108,1471,4.0,2.77,0.7272474,0.0010374062694609165
287371,1472,4.0,2.8,0.7269975500000001,0.0003260463126935065
287585,1473,2.0,2.8,0.72679425,0.00014936894876882434
287902,1474,4.0,2.84,0.7264931,0.0005972550716251135
288101,1475,1.0,2.85,0.72630405,0.0008029887685552239
288277,1476,1.0,2.83,0.7261368500000001,0.00035405007656663656
288538,1477,3.0,2.84,0.7258889,0.0006951570394448936
288747,1478,2.0,2.81,0.72569035,0.00030109798535704613
289358,1479,11.0,2.9,0.7251099000000001,0.0002390439185546711
289653,1480,3.0,2.92,0.72482965,0.00048153335228562355
289792,1481,0.0,2.88,0.7246976,0.0013593677431344986
290025,1482,2.0,2.89,0.72447625,0.001132596516981721
290194,1483,1.0,2.86,0.7243157,0.0006669907597824931
290438,1484,3.0,2.84,0.7240839000000001,0.00022982023074291646
290791,1485,6.0,2.9,0.72374855,0.00044709298526868224
291225,1486,7.0,2.93,0.72333625,0.0009435691754333675
291477,1487,4.0,2.95,0.72309685,0.001040104078128934
291658,1488,1.0,2.94,0.7229249,0.0006917272112332284
291795,1489,0.0,2.89,0.72279475,0.0004789759695995599
292099,1490,5.0,2.94,0.72250595,0.0006535686552524567
292377,1491,3.0,2.95,0.7222418500000001,0.0002439228119328618
292514,1492,0.0,2.95,0.7221117,0.0008698119199834764
292671,1493,1.0,2.96,0.72196255,0.00024054768437054008
292866,1494,2.0,2.94,0.7217773000000001,0.0003625989775173366
293092,1495,2.0,2.93,0.7215625999999999,0.001151293865405023
293253,1496,1.0,2.92,0.72140965,0.0004174291680101305
293489,1497,3.0,2.94,0.72118545,0.0007444433285854757
293693,1498,2.0,2.95,0.72099165,0.0003916656714864075
293917,1499,2.0,2.92,0.7207788500000001,0.0010243967408314347
294057,1500,0.0,2.91,0.7206458499999999,0.00038867152761667967
294264,1501,2.0,2.92,0.7204492,0.000730363477487117
294549,1502,4.0,2.94,0.72017845,0.0005173379904590547
294781,1503,3.0,2.92,0.71995805,0.0007991953752934933
295016,1504,2.0,2.92,0.7197348,0.00019768666243180633
295289,1505,3.0,2.93,0.71947545,9.538364975014701e-05
295553,1506,4.0,2.95,0.71922465,0.0005862321704626083
295789,1507,2.0,2.93,0.71900045,0.0013926437823101878
296166,1508,7.0,2.98,0.7186423,9.679667709860951e-05
296445,1509,3.0,2.99,0.7183772500000001,0.00013920755009166896
296657,1510,2.0,2.98,0.71817585,0.0003461079322732985
296852,1511,1.0,2.99,0.7179906,0.0003899310249835253
297091,1512,3.0,3.01,0.71776355,0.0009660131763666868
297304,1513,2.0,3.03,0.7175612,0.0003368952311575413
297557,1514,3.0,3.03,0.71732085,0.0008031748584471643
297692,1515,0.0,3.01,0.7171926,0.0004023093788418919
298000,1516,4.0,3.01,0.7169000000000001,0.001450313488021493
298329,1517,5.0,3.03,0.71658745,0.001195057644508779
298574,1518,2.0,3.04,0.7163547,0.00043472176184877753
299016,1519,8.0,3.07,0.7159348,0.0006448795320466161
299316,1520,3.0,3.01,0.7156498,0.0008507263846695423
299566,1521,4.0,3.03,0.7154123,0.0009130759863182902
299766,1522,2.0,3.02,0.7152223,0.000990798813290894
299908,1523,0.0,3.0,0.7150874,0.0007158121443353593
300001,1524,1.0,2.97,0.71499905,0.001569767715409398
300183,1525,1.0,2.98,0.71482615,0.0002918753307312727
300379,1526,1.0,2.96,0.71463995,0.0021206140518188477
300758,1527,6.0,2.99,0.7142799,0.0023374862503260374
300990,1528,2.0,2.98,0.7140595000000001,0.0008476255461573601
301297,1529,4.0,3.01,0.71376785,0.0005548685439862311
301571,1530,4.0,3.0,0.7135075500000001,0.0014149612979963422
301790,1531,2.0,2.98,0.7132995,0.002480484079569578
302015,1532,2.0,2.94,0.7130857500000001,0.0002877666847780347
302289,1533,3.0,2.93,0.71282545,0.0018118408042937517
302572,1534,4.0,2.93,0.7125566,0.0005892411572858691
302827,1535,3.0,2.9,0.71231435,0.0009625803213566542
303037,1536,2.0,2.89,0.7121148500000001,0.0008930473122745752
303293,1537,3.0,2.88,0.71187165,0.0003128358512185514
303421,1538,0.0,2.84,0.71175005,0.00022702504065819085
303595,1539,1.0,2.83,0.71158475,0.00047408786485902965
303756,1540,1.0,2.8,0.7114318,0.0008843388059176505
303974,1541,3.0,2.81,0.7112247,0.001247810898348689
304194,1542,2.0,2.82,0.7110156999999999,0.0008076295489445329
304423,1543,2.0,2.83,0.71079815,0.001585457124747336
304591,1544,1.0,2.82,0.7106385500000001,0.0004919596831314266
304967,1545,6.0,2.88,0.71028135,9.640009375289083e-05
305148,1546,1.0,2.88,0.7101094000000001,0.001537888078019023
305469,1547,4.0,2.89,0.70980445,0.00032002845546230674
305738,1548,3.0,2.91,0.7095488999999999,0.0003991399717051536
305984,1549,3.0,2.94,0.7093152,0.0004332982352934778
306181,1550,2.0,2.95,0.70912805,0.0002205932978540659
306466,1551,4.0,2.98,0.7088573,0.0005670408136211336
306783,1552,5.0,2.96,0.70855615,0.0009539061575196683
306958,1553,1.0,2.91,0.7083899,0.0006529454840347171
307176,1554,2.0,2.86,0.7081828,0.0004509755817707628
307380,1555,2.0,2.82,0.707989,0.0004146415158174932
307720,1556,4.0,2.84,0.707666,0.0004398144083097577
307940,1557,3.0,2.81,0.707457,0.000688741507474333
308074,1558,0.0,2.77,0.7073297000000001,0.0018688832642510533
308403,1559,5.0,2.81,0.70701715,0.0007357820868492126
308596,1560,2.0,2.82,0.7068338000000001,0.0001997435902012512
308858,1561,3.0,2.81,0.7065849,0.00037857017014175653
309090,1562,3.0,2.79,0.7063645000000001,0.0008677378064021468
309617,1563,10.0,2.85,0.7058638500000001,0.0006119594327174127
309867,1564,3.0,2.83,0.70562635,0.0005756381433457136
310027,1565,1.0,2.8,0.70547435,0.001060636481270194
310236,1566,2.0,2.8,0.7052758,0.0008567431941628456
310505,1567,3.0,2.83,0.70502025,0.000547697301954031
310844,1568,4.0,2.8,0.7046981999999999,0.0008541230927221477
311057,1569,2.0,2.75,0.70449585,0.0005128651391714811
311284,1570,3.0,2.78,0.7042802,0.0012457853881642222
311437,1571,0.0,2.74,0.70413485,0.0009758328087627888
311677,1572,3.0,2.73,0.7039068500000001,0.0008148306515067816
311920,1573,4.0,2.75,0.703676,0.0013049081899225712
312155,1574,3.0,2.74,0.7034527500000001,0.0007410772377625108
312691,1575,10.0,2.83,0.7029435500000001,0.0009703034884296358
313015,1576,5.0,2.87,0.70263575,0.0005020474782213569
313429,1577,7.0,2.91,0.70224245,0.0004191041807644069
313611,1578,1.0,2.9,0.70206955,0.0007084580138325691
313908,1579,5.0,2.84,0.7017874,0.00046868843492120504
314083,1580,1.0,2.82,0.70162115,0.0014143392909318209
314362,1581,4.0,2.86,0.7013561,0.0007832617848180234
314646,1582,4.0,2.88,0.7010863,0.0005135618266649544
314821,1583,1.0,2.88,0.70092005,0.0006654643220826983
315093,1584,3.0,2.88,0.70066165,0.0008901017718017101
315387,1585,3.0,2.85,0.70038235,0.0005075933295302093
315682,1586,3.0,2.81,0.7001021000000001,0.001171313226222992
315990,1587,4.0,2.81,0.6998095,0.00037398975109681487
316152,1588,0.0,2.8,0.6996556,0.0017026739660650492
316390,1589,2.0,2.82,0.6994295,0.0009853579103946686
316637,1590,3.0,2.8,0.69919485,0.0007772262906655669
316885,1591,3.0,2.8,0.69895925,0.0008754103910177946
317148,1592,3.0,2.83,0.6987094,0.0004756369162350893
317442,1593,4.0,2.86,0.6984300999999999,0.0005639636656269431
317667,1594,2.0,2.86,0.69821635,0.0005678461166098714
317951,1595,3.0,2.87,0.69794655,0.00033798039657995105
318254,1596,4.0,2.9,0.6976587000000001,0.0004408941022120416
318574,1597,4.0,2.91,0.6973547,0.0004935675533488393
318803,1598,2.0,2.91,0.6971371500000001,0.0011161487782374024
319015,1599,2.0,2.91,0.69693575,0.0008581980364397168
319161,1600,0.0,2.91,0.69679705,0.00034174867323599756
319368,1601,2.0,2.91,0.6966004,0.0008476059301756322
319535,1602,1.0,2.88,0.69644175,0.001284067751839757
319782,1603,3.0,2.88,0.6962071000000001,0.000585958594456315
320092,1604,4.0,2.9,0.6959126,0.0006376918754540384
320347,1605,3.0,2.9,0.6956703500000001,0.00025555514730513096
320614,1606,3.0,2.89,0.6954167,0.0014928665477782488
320896,1607,3.0,2.9,0.6951488,0.0007758561987429857
321114,1608,2.0,2.85,0.6949417,0.0008859336958266795
321402,1609,3.0,2.85,0.6946681,0.0007663838914595544
321635,1610,2.0,2.85,0.69444675,0.000862704764585942
321768,1611,0.0,2.84,0.6943204000000001,0.001064994721673429
321920,1612,0.0,2.81,0.694176,0.0011200698791071773
322179,1613,3.0,2.82,0.69392995,0.000501019530929625
322462,1614,3.0,2.82,0.6936610999999999,0.0008639213046990335
322769,1615,4.0,2.86,0.69336945,0.0007141849491745234
323011,1616,3.0,2.85,0.69313955,0.0006345920846797526
323214,1617,2.0,2.82,0.6929467,0.0012053630780428648
323478,1618,3.0,2.83,0.6926959,0.0009886802872642875
323851,1619,7.0,2.82,0.6923415500000001,0.0004890190321020782
324008,1620,1.0,2.8,0.6921923999999999,0.000965217943303287
324208,1621,2.0,2.78,0.6920024,0.00043483119225129485
324550,1622,5.0,2.81,0.6916775,0.0004060966311953962
324785,1623,2.0,2.83,0.69145425,0.0011045371647924185
324992,1624,2.0,2.84,0.6912576,0.00027831282932311296
325255,1625,3.0,2.86,0.69100775,0.0006437167758122087
325632,1626,8.0,2.93,0.6906496,0.0012487510684877634
325802,1627,1.0,2.88,0.6904881,0.0011202387977391481
326023,1628,2.0,2.88,0.69027815,0.0008529785554856062
326251,1629,2.0,2.86,0.69006155,0.0007115326588973403
326505,1630,3.0,2.85,0.68982025,0.0010854535503312945
326765,1631,3.0,2.86,0.68957325,0.0014663334004580975
327149,1632,6.0,2.9,0.68920845,0.0006486896309070289
327390,1633,2.0,2.89,0.6889795000000001,0.00043235201155766845
327531,1634,0.0,2.85,0.6888455499999999,0.00034277699887752533
327993,1635,8.0,2.9,0.68840665,0.0005062901182100177
328327,1636,5.0,2.93,0.68808935,0.0004316927515901625
328559,1637,2.0,2.92,0.68786895,0.0003593724686652422
328940,1638,5.0,2.97,0.687507,0.0005619286093860865
329320,1639,6.0,3.02,0.687146,0.0005942995194345713
329755,1640,7.0,3.08,0.68673275,0.0011800057254731655
329888,1641,0.0,3.05,0.6866064000000001,0.0008732228307053447
330171,1642,4.0,3.07,0.68633755,0.0006924880435690284
330410,1643,2.0,3.07,0.6861105000000001,0.0014584732707589865
330538,1644,0.0,3.06,0.6859889,0.0009442624286748469
330856,1645,4.0,3.04,0.6856868,0.0005038193776272237
331240,1646,5.0,3.08,0.685322,0.0009184039081446826
331472,1647,3.0,3.07,0.6851016000000001,0.0029112680349498987
331668,1648,2.0,3.06,0.6849154,0.0004532737657427788
331940,1649,3.0,3.06,0.6846570000000001,0.0005716891027987003
332100,1650,0.0,3.04,0.684505,0.0002840279194060713
332253,1651,0.0,3.0,0.68435965,0.0006298386724665761
332417,1652,0.0,2.95,0.6842038500000001,0.00037651314050890505
332662,1653,3.0,2.97,0.6839710999999999,0.00040728249587118626
332893,1654,2.0,2.97,0.68375165,0.002235249150544405
333137,1655,3.0,2.98,0.6835198499999999,0.00045891248737461865
333411,1656,3.0,2.97,0.68325955,0.0005059853428974748
333893,1657,8.0,3.02,0.68280165,0.0010820671450346708
334311,1658,7.0,3.09,0.68240455,0.001709899166598916
334570,1659,3.0,3.07,0.6821585000000001,0.00041318489820696414
334927,1660,5.0,3.1,0.68181935,0.0006960164755582809
335200,1661,3.0,3.1,0.6815599999999999,0.00041273346869274974
335496,1662,4.0,3.11,0.6812788000000001,0.000765190226957202
335693,1663,1.0,3.02,0.6810916499999999,0.00032249721698462963
335853,1664,1.0,3.0,0.68093965,0.00035636010579764843
336220,1665,6.0,3.05,0.680591,0.0008736973395571113
336453,1666,2.0,3.05,0.68036965,0.00040486431680619717
336616,1667,0.0,3.02,0.6802148,0.0002934554941020906
336756,1668,0.0,2.98,0.6800818,0.0007583142723888159
336996,1669,3.0,2.99,0.6798538000000001,0.0006706676795147359
337346,1670,6.0,3.02,0.6795213,0.001159305335022509
337743,1671,6.0,3.08,0.67914415,0.0010362745961174369
338057,1672,4.0,3.09,0.6788458500000001,0.0003170156851410866
338271,1673,2.0,3.07,0.67864255,0.00047997781075537205
338481,1674,2.0,3.06,0.67844305,0.0004306613118387759
338640,1675,1.0,2.97,0.678292,0.0007580561214126647
338995,1676,5.0,2.97,0.67795475,0.0003675979096442461
339188,1677,1.0,2.91,0.6777714,0.0005320588825270534
339393,1678,2.0,2.92,0.67757665,0.0002874766942113638
339658,1679,3.0,2.9,0.6773249,0.0022617436479777098
340046,1680,6.0,2.95,0.6769563000000001,0.001857958035543561
340297,1681,3.0,2.94,0.67671785,0.0008531106286682189
340492,1682,1.0,2.91,0.6765326,0.000411030778195709
340632,1683,0.0,2.9,0.6763996000000001,0.0007593199843540788
340994,1684,5.0,2.92,0.6760557,0.0005598644493147731
341282,1685,4.0,2.93,0.6757821,0.001570601249113679
341427,1686,0.0,2.9,0.67564435,0.0006107335211709142
341619,1687,2.0,2.88,0.6754619500000001,0.0004219610709697008
341906,1688,4.0,2.92,0.6751893,0.00031310919439420104
342447,1689,10.0,3.0,0.67467535,0.0005509780021384358
342727,1690,4.0,3.01,0.67440935,0.0002601153391879052
342911,1691,1.0,2.99,0.67423455,0.0007418591994792223
343373,1692,9.0,3.05,0.67379565,0.0008649756200611591
343733,1693,5.0,3.06,0.67345365,0.0006420119316317141
343953,1694,1.0,3.05,0.67324465,0.00037467555375769734
344264,1695,4.0,3.06,0.6729492,0.0014444454573094845
344482,1696,3.0,3.05,0.6727421,0.0004246121970936656
344759,1697,3.0,3.04,0.67247895,0.0009659742354415357
345052,1698,4.0,3.06,0.6722006,0.000604666885919869
345342,1699,4.0,3.08,0.6719251,0.0007467595860362053
345472,1700,0.0,3.08,0.6718016,0.0012683761306107044
345607,1701,0.0,3.06,0.6716733500000001,0.00038631510687991977
345810,1702,2.0,3.07,0.6714805,0.0004964129766449332
346054,1703,2.0,3.06,0.6712487,0.0008308469550684094
346318,1704,3.0,3.05,0.6709978999999999,0.0004999653901904821
346478,1705,0.0,3.02,0.6708459,0.0014364455128088593
346742,1706,3.0,3.02,0.6705951,0.0017429108265787363
346897,1707,1.0,3.0,0.67044785,0.0011473424965515733
347023,1708,0.0,2.98,0.67032815,0.0008259812602773309
347369,1709,5.0,3.0,0.66999945,0.0004515854816418141
347523,1710,0.0,2.98,0.66985315,0.00030094990506768227
347662,1711,0.0,2.98,0.6697211000000001,0.0008120089769363403
347863,1712,2.0,3.0,0.66953015,0.0007379363523796201
348085,1713,2.0,2.99,0.66931925,0.0013379815500229597
348446,1714,5.0,3.01,0.6689763,0.00026263651670888066
348778,1715,4.0,3.01,0.6686609000000001,0.0010818802984431386
349057,1716,3.0,3.01,0.66839585,0.00025216853828169405
349521,1717,8.0,3.07,0.66795505,0.0005693057901225984
349680,1718,1.0,3.05,0.6678040000000001,0.0008982655126601458
349859,1719,1.0,2.99,0.66763395,0.0017830005381256342
350087,1720,3.0,3.01,0.66741735,0.0018661923240870237
350533,1721,7.0,3.06,0.66699365,0.0025799160357564688
350751,1722,2.0,3.03,0.6667865500000001,0.000559286680072546
350972,1723,3.0,3.04,0.6665766,0.0008632892859168351
351254,1724,4.0,3.06,0.6663087000000001,0.0002605469198897481
351405,1725,0.0,3.03,0.6661652499999999,0.0012033800594508648
351803,1726,7.0,3.02,0.6657871500000001,0.0008276585140265524
352033,1727,3.0,3.04,0.66556865,0.002340596867725253
352502,1728,8.0,3.1,0.6651231,0.0006675969925709069
352707,1729,1.0,3.09,0.6649283500000001,0.0005242610932327807
353012,1730,3.0,3.09,0.6646386,0.0006689459551125765
353230,1731,2.0,3.08,0.6644315000000001,0.001420766580849886
353385,1732,0.0,3.02,0.66428425,0.0004811471444554627
353691,1733,4.0,3.04,0.66399355,0.000463836855487898
354013,1734,4.0,3.08,0.66368765,0.0005862317630089819
354273,1735,3.0,3.03,0.6634406500000001,0.000903541105799377
354579,1736,4.0,3.02,0.66314995,0.0005976906977593899
354873,1737,4.0,3.04,0.66287065,0.0004444326623342931
355220,1738,6.0,3.05,0.662541,0.0006473108660429716
355432,1739,2.0,3.01,0.6623395999999999,0.000652958289720118
355769,1740,6.0,3.0,0.6620194500000001,0.000431492313509807
356110,1741,5.0,3.05,0.6616955,0.0007946856785565615
356422,1742,4.0,3.05,0.6613991,0.0013120241928845644
356642,1743,2.0,3.05,0.6611901,0.000661146710626781
356953,1744,4.0,3.09,0.6608946499999999,0.0005980751593597233
357155,1745,1.0,3.06,0.66070275,0.000440478470409289
357387,1746,2.0,3.03,0.66048235,0.0010293733794242144
357579,1747,1.0,3.01,0.66029995,0.0005620732554234564
357849,1748,3.0,3.02,0.6600434500000001,0.0010998921934515238
358152,1749,5.0,3.04,0.6597556,0.0013440799666568637
358595,1750,7.0,3.11,0.65933475,0.0003465136978775263
358762,1751,1.0,3.12,0.6591761,0.0003734299389179796
359044,1752,4.0,3.16,0.6589082,0.00026474767946638167
359287,1753,3.0,3.16,0.65867735,0.0005956042441539466
359566,1754,4.0,3.18,0.6584123,0.0005770036950707436
359924,1755,5.0,3.2,0.6580722,0.0003104741917923093
360107,1756,1.0,3.18,0.65789835,0.0008167896885424852
360474,1757,6.0,3.16,0.6575497,0.0020191941875964403
360630,1758,1.0,3.1,0.6574015,0.0005532632349058986
360832,1759,2.0,3.09,0.6572096000000001,0.0038570165634155273
361002,1760,1.0,3.05,0.6570481,0.001614765147678554
361201,1761,2.0,3.04,0.65685905,0.002142686629667878
361519,1762,4.0,3.04,0.65655695,0.0012224317761138082
361802,1763,4.0,3.07,0.6562881,0.0011257360456511378
362085,1764,4.0,3.1,0.6560192499999999,0.0036449413746595383
362543,1765,9.0,3.13,0.65558415,0.0008425798150710762
362773,1766,3.0,3.14,0.65536565,0.0019405942875891924
362898,1767,0.0,3.14,0.6552469000000001,0.0016526997787877917
363097,1768,2.0,3.16,0.6550578499999999,0.000803998380433768
363221,1769,0.0,3.13,0.65494005,0.001136146136559546
363377,1770,1.0,3.08,0.6547918500000001,0.0026878511998802423
363764,1771,7.0,3.09,0.6544242,0.0020862179808318615
363997,1772,3.0,3.08,0.65420285,0.000669945206027478
364275,1773,4.0,3.1,0.65393875,0.0025540010537952185
364721,1774,7.0,3.15,0.65351505,0.00275579746812582
364923,1775,2.0,3.16,0.6533231500000001,0.000906839850358665
365144,1776,2.0,3.13,0.6531132,0.0017689340747892857
365648,1777,9.0,3.21,0.6526344000000001,0.0013120080111548305
366091,1778,8.0,3.27,0.65221355,0.0009367446764372289
366357,1779,4.0,3.28,0.65196085,0.0006492768879979849
366528,1780,1.0,3.23,0.6517984,0.0006327028386294842
366782,1781,3.0,3.23,0.6515571,0.0007244156440719962
367103,1782,4.0,3.26,0.65125215,0.0009957733564078808
367294,1783,2.0,3.28,0.6510707,0.001810614950954914
367501,1784,2.0,3.25,0.65087405,0.0014052358455955982
367770,1785,3.0,3.24,0.6506185,0.001947483979165554
368030,1786,4.0,3.28,0.6503715,0.0009196706814691424
368433,1787,6.0,3.32,0.6499886500000001,0.0013415087014436722
368829,1788,6.0,3.34,0.64961245,0.001186977606266737
368952,1789,0.0,3.24,0.6494956000000001,0.0005328785628080368
369248,1790,4.0,3.24,0.6492144,0.0009475654223933816
369500,1791,4.0,3.27,0.6489750000000001,0.002241588896140456
369809,1792,5.0,3.23,0.64868145,0.0007585656130686402
370243,1793,7.0,3.25,0.64826915,0.0020072502084076405
370522,1794,4.0,3.28,0.6480041,0.008234597742557526
370673,1795,1.0,3.25,0.64786065,0.0017416912596672773
370967,1796,5.0,3.27,0.6475813500000001,0.001411503297276795
371219,1797,3.0,3.27,0.6473419499999999,0.002441123127937317
371534,1798,5.0,3.28,0.6470427000000001,0.002271790988743305
371919,1799,7.0,3.31,0.64667695,0.0009278836660087109
372184,1800,4.0,3.35,0.6464251999999999,0.0017404025420546532
372535,1801,6.0,3.41,0.6460917500000001,0.0008992822840809822
372711,1802,1.0,3.4,0.6459245499999999,0.0012129193637520075
373017,1803,4.0,3.42,0.6456338500000001,0.0014431910822167993
373361,1804,5.0,3.44,0.64530705,0.0010220208205282688
373632,1805,3.0,3.47,0.6450496,0.002780058654025197
373784,1806,1.0,3.45,0.6449052,0.0009274707408621907
374004,1807,2.0,3.46,0.6446962,0.0016227785963565111
374439,1808,8.0,3.54,0.64428295,0.001691886456683278
374746,1809,5.0,3.54,0.6439912999999999,0.0011918025556951761
375070,1810,6.0,3.6,0.6436835000000001,0.0011803221423178911
375439,1811,7.0,3.67,0.64333295,0.002753577660769224
375593,1812,1.0,3.66,0.6431866500000001,0.00250061322003603
375792,1813,2.0,3.66,0.6429976,0.0012846675235778093
375989,1814,2.0,3.63,0.64281045,0.0026376324240118265
376238,1815,3.0,3.62,0.6425738999999999,0.0011191024677827954
376496,1816,4.0,3.63,0.6423288,0.0032111199107021093
376647,1817,1.0,3.56,0.64218535,0.0011930714827030897
376893,1818,3.0,3.58,0.64195165,0.0018778208177536726
377094,1819,2.0,3.59,0.6417607000000001,0.0017191760707646608
377278,1820,2.0,3.58,0.6415859,0.0013311572838574648
377695,1821,8.0,3.59,0.64118975,0.0014534848742187023
377817,1822,0.0,3.57,0.64107385,0.0018639987101778388
378020,1823,2.0,3.56,0.640881,0.00112496642395854
378287,1824,3.0,3.55,0.64062735,0.00034761789720505476
378538,1825,3.0,3.58,0.6403889,0.0012107451912015676
378830,1826,4.0,3.55,0.6401114999999999,0.0006268571596592665
379034,1827,2.0,3.54,0.6399177,0.0015047886408865452
379360,1828,5.0,3.51,0.6396080000000001,0.0010152196045964956
379686,1829,5.0,3.55,0.6392983,0.0004059752682223916
379935,1830,3.0,3.55,0.63906175,0.0023679158184677362
380133,1831,2.0,3.55,0.6388736500000001,0.0010633206693455577
380295,1832,1.0,3.56,0.63871975,0.0018476209370419383
380544,1833,3.0,3.55,0.6384832,0.0016576212365180254
380725,1834,2.0,3.53,0.6383112500000001,0.0031308503821492195
381263,1835,10.0,3.6,0.63780015,0.0026994748041033745
381564,1836,4.0,3.6,0.6375142,0.0023008903954178095
381721,1837,1.0,3.57,0.6373650500000001,0.0004428739193826914
382060,1838,5.0,3.56,0.637043,0.0013791685923933983
382332,1839,3.0,3.57,0.6367846,0.0005400518421083689
382649,1840,5.0,3.56,0.6364834500000001,0.0012688793940469623
382931,1841,4.0,3.55,0.63621555,0.0013141625095158815
383254,1842,4.0,3.55,0.6359087000000001,0.0034736611414700747
383501,1843,3.0,3.56,0.63567405,0.0030474236700683832
383731,1844,2.0,3.54,0.6354555500000001,0.0009538844460621476
383908,1845,1.0,3.54,0.6352874,0.0014542143326252699
384111,1846,2.0,3.54,0.63509455,0.0015435523819178343
384234,1847,0.0,3.53,0.6349777,0.0025005184579640627
384542,1848,4.0,3.54,0.6346851,0.0016896072775125504
384810,1849,3.0,3.52,0.6344305,0.0011292742565274239
385142,1850,5.0,3.5,0.6341151,0.0016124024987220764
385267,1851,0.0,3.49,0.63399635,0.0009427781915292144
385521,1852,3.0,3.48,0.63375505,0.0022617848590016365
385827,1853,4.0,3.49,0.6334643500000001,0.001122901914641261
386128,1854,4.0,3.49,0.6331784,0.0010899321641772985
386426,1855,4.0,3.48,0.6328953,0.0021759180817753077
386629,1856,2.0,3.49,0.63270245,0.0012376917293295264
386804,1857,1.0,3.44,0.6325362000000001,0.0015538198640570045
387080,1858,3.0,3.46,0.632274,0.002078365534543991
387268,1859,2.0,3.46,0.6320954000000001,0.001467227004468441
387532,1860,4.0,3.49,0.6318446,0.0011796364560723305
387841,1861,5.0,3.52,0.63155105,0.0009522163891233504
388199,1862,5.0,3.53,0.63121095,0.0007896203314885497
388558,1863,5.0,3.54,0.6308699,0.0017153421649709344
388963,1864,7.0,3.57,0.6304851499999999,0.0024537756107747555
389087,1865,0.0,3.48,0.63036735,0.0003958960296586156
389243,1866,1.0,3.46,0.6302191500000001,0.0020912960171699524
389511,1867,4.0,3.5,0.62996455,0.001258297124877572
389762,1868,3.0,3.51,0.6297261000000001,0.0010642294073477387
390060,1869,4.0,3.55,0.629443,0.0032506766729056835
390447,1870,6.0,3.6,0.62907535,0.001081322436220944
390652,1871,2.0,3.55,0.6288806,0.0019526833202689886
390869,1872,3.0,3.55,0.62867445,0.00126517447642982
391058,1873,2.0,3.53,0.6284949,0.0024774190969765186
391307,1874,3.0,3.49,0.6282583500000001,0.0014224664773792028
391530,1875,2.0,3.49,0.6280465,0.0020103699062019587
391734,1876,2.0,3.49,0.6278527,0.001527036540210247
392036,1877,5.0,3.45,0.6275658,0.001317044603638351
392190,1878,1.0,3.38,0.6274195,0.002617838326841593
392470,1879,4.0,3.38,0.6271535,0.002199235837906599
392863,1880,7.0,3.44,0.62678015,0.004348057322204113
392990,1881,0.0,3.41,0.6266595,0.0019948927219957113
393115,1882,0.0,3.37,0.62654075,0.00324780261144042
393456,1883,6.0,3.41,0.6262168,0.003093472681939602
393897,1884,8.0,3.47,0.6257978500000001,0.0019486091332510114
394052,1885,1.0,3.45,0.6256506,0.001643981784582138
394376,1886,4.0,3.45,0.6253428000000001,0.0016266991151496768
394694,1887,5.0,3.44,0.6250407,0.003457158338278532
395165,1888,9.0,3.47,0.62459325,0.0029634295497089624
395341,1889,1.0,3.48,0.6244260500000001,0.0018801874248310924
395679,1890,5.0,3.49,0.62410495,0.0016733529046177864
396182,1891,9.0,3.54,0.6236271,0.001214819960296154
396310,1892,0.0,3.49,0.6235055,0.0016661296831443906
396466,1893,1.0,3.43,0.6233573000000001,0.0011174625251442194
396733,1894,3.0,3.42,0.62310365,0.0012917498825117946
396983,1895,3.0,3.44,0.6228661500000001,0.0014314386062324047
397335,1896,5.0,3.44,0.62253175,0.004131200723350048
397773,1897,9.0,3.5,0.62211565,0.0013804390328004956
397903,1898,0.0,3.45,0.6219921500000001,0.0017472435720264912
398235,1899,5.0,3.43,0.62167675,0.0008672013645991683
398515,1900,4.0,3.43,0.62141075,0.0011615636758506298
398742,1901,2.0,3.39,0.6211951,0.002564817201346159
398900,1902,1.0,3.39,0.6210450000000001,0.001231703325174749
399197,1903,5.0,3.4,0.62076285,0.0019982338417321444
399470,1904,3.0,3.38,0.6205035000000001,0.0008974778465926647
399822,1905,5.0,3.4,0.6201691,0.0016216982621699572
400001,1906,3.0,3.42,0.61999905,0.0013555546756833792
400211,1907,3.0,3.43,0.61979955,0.001116021303460002
400463,1908,3.0,3.38,0.6195601500000001,0.0011019771918654442
400664,1909,2.0,3.35,0.6193692,0.0001490357390139252
400791,1910,0.0,3.29,0.61924855,0.0016051310813054442
400951,1911,1.0,3.23,0.6190965500000001,0.0008168825879693031
401314,1912,7.0,3.29,0.6187517,0.0011726738885045052
401443,1913,0.0,3.27,0.6186291500000001,0.0016226237639784813
401648,1914,2.0,3.27,0.6184343999999999,0.0015969931846484542
401830,1915,1.0,3.25,0.6182615,0.001750450348481536
402002,1916,1.0,3.22,0.6180981,0.0010047359392046928
402336,1917,5.0,3.26,0.6177808,0.0008740550256334245
402646,1918,4.0,3.27,0.6174862999999999,0.0014728938695043325
402775,1919,0.0,3.25,0.61736375,0.0005806027329526842
403075,1920,4.0,3.27,0.61707875,0.002375559415668249
403510,1921,8.0,3.27,0.6166655000000001,0.0016866219229996204
403823,1922,4.0,3.31,0.61636815,0.0009277394856326282
404085,1923,4.0,3.33,0.61611925,0.0008032426703721285
404430,1924,5.0,3.35,0.6157915,0.0012419330887496471
404764,1925,5.0,3.37,0.6154742,0.0010870741680264473
405152,1926,6.0,3.39,0.6151056,0.0014029957819730043
405327,1927,1.0,3.38,0.61493935,0.002290238393470645
405457,1928,0.0,3.33,0.61481585,0.0005812510498799384
405884,1929,8.0,3.36,0.6144102,0.0013196062063798308
406038,1930,1.0,3.34,0.6142639000000001,0.001164008630439639
406432,1931,6.0,3.38,0.6138896,0.0016697202809154987
406760,1932,4.0,3.41,0.613578,0.00030932872323319316
406922,1933,1.0,3.39,0.6134241,0.00016051714192144573
407159,1934,3.0,3.4,0.61319895,0.0005851197638548911
407633,1935,9.0,3.39,0.61274865,0.0010870937258005142
407881,1936,4.0,3.39,0.61251305,0.0005038288072682917
408122,1937,3.0,3.41,0.6122841000000001,0.0006099295569583774
408296,1938,1.0,3.37,0.6121188,0.001557392068207264
408483,1939,2.0,3.36,0.61194115,0.0006812838837504387
408750,1940,4.0,3.35,0.6116874999999999,0.0007573069888167083
408960,1941,2.0,3.33,0.611488,0.0007525024702772498
409253,1942,4.0,3.33,0.61120965,0.0006009844946675003
409499,1943,3.0,3.33,0.61097595,0.0008683952037245035
409891,1944,7.0,3.38,0.61060355,0.0009212351869791746
410115,1945,2.0,3.39,0.6103907500000001,0.0005630034720525146
410410,1946,4.0,3.41,0.6101105,0.001095678424462676
410680,1947,5.0,3.46,0.609854,0.0007131678285077214
411038,1948,7.0,3.49,0.6095139,0.0009796617086976767
411455,1949,7.0,3.53,0.60911775,0.0009461329900659621
411893,1950,9.0,3.57,0.60870165,0.0012322128750383854
412190,1951,5.0,3.62,0.6084195,0.0012618184555321932
412521,1952,6.0,3.65,0.60810505,0.001711179269477725
412904,1953,7.0,3.68,0.6077412,0.0005423090187832713
413181,1954,3.0,3.67,0.60747805,0.0009325128048658371
413402,1955,3.0,3.66,0.6072681,0.0008838801877573133
413628,1956,2.0,3.66,0.6070534000000001,0.002585233421996236
413752,1957,0.0,3.65,0.6069356,0.0005011026514694095
413961,1958,2.0,3.64,0.60673705,0.0008132067159749568
414095,1959,0.0,3.62,0.6066097500000001,0.0003757457889150828
414331,1960,3.0,3.61,0.6063855499999999,0.0010039948392659426
414470,1961,0.0,3.56,0.6062535,0.0013729111524298787
414691,1962,3.0,3.54,0.6060435500000001,0.0009813406504690647
415115,1963,7.0,3.56,0.6056407500000001,0.0005362684605643153
415468,1964,6.0,3.55,0.6053054,0.0017212817911058664
415819,1965,5.0,3.6,0.60497195,0.00048686115769669414
416005,1966,2.0,3.61,0.60479525,0.0002284704678459093
416364,1967,6.0,3.63,0.6044541999999999,0.0010381557513028383
416564,1968,2.0,3.62,0.6042642,0.0001525943516753614
416795,1969,3.0,3.61,0.60404475,0.0010642721317708492
417096,1970,4.0,3.59,0.6037588,0.0004726244951598346
417393,1971,4.0,3.61,0.60347665,0.0010591032914817333
417594,1972,2.0,3.6,0.6032857,0.0010939114727079868
417847,1973,3.0,3.61,0.6030453499999999,0.000749926723074168
418004,1974,1.0,3.59,0.6028962,0.001193612813949585
418417,1975,7.0,3.64,0.60250385,0.0007987190037965775
418597,1976,1.0,3.63,0.60233285,0.0002622207975946367
418750,1977,1.0,3.59,0.6021875,0.0014770645648241043
419000,1978,3.0,3.61,0.60195,0.0005058490787632763
419448,1979,7.0,3.64,0.6015244,0.0009192491415888071
419676,1980,3.0,3.6,0.6013078000000001,0.0009439376881346107
419988,1981,5.0,3.65,0.6010114,0.0010193799389526248
420201,1982,3.0,3.68,0.6008090500000001,0.0011603470193222165
420533,1983,5.0,3.67,0.60049365,0.001429787720553577
420858,1984,6.0,3.65,0.6001849,0.000903241743799299
421124,1985,3.0,3.67,0.5999322,0.0010679848492145538
421289,1986,1.0,3.64,0.59977545,0.0008811781881377101
421560,1987,3.0,3.62,0.599518,0.000914931355509907
421878,1988,5.0,3.58,0.5992159,0.000582622888032347
422128,1989,3.0,3.6,0.5989784,0.0007662668358534575
422348,1990,2.0,3.57,0.5987694,0.0006723204860463738
422713,1991,6.0,3.54,0.5984226500000001,0.0009224154055118561
423046,1992,5.0,3.59,0.5981063,0.0009429049678146839
423228,1993,2.0,3.6,0.5979334000000001,0.0006225822726264596
423357,1994,0.0,3.57,0.5978108500000001,0.0015148920938372612
423485,1995,0.0,3.54,0.59768925,0.0027776851784437895
423777,1996,4.0,3.53,0.5974118500000001,0.002143144840374589
424056,1997,4.0,3.48,0.5971468,0.00044831904233433306
424257,1998,2.0,3.5,0.5969558500000001,0.0006053383112885058
424617,1999,6.0,3.51,0.59661385,0.0007338430732488632
425063,2000,10.0,3.57,0.59619015,0.00105687091127038
425417,2001,5.0,3.6,0.59585385,0.0010131814051419497
425697,2002,3.0,3.62,0.59558785,0.0007303782622329891
425987,2003,5.0,3.62,0.5953123499999999,0.0004883151268586516
426392,2004,7.0,3.66,0.5949276,0.0020073067862540483
426647,2005,3.0,3.64,0.59468535,0.0009619320044294
426859,2006,2.0,3.63,0.5944839500000001,0.0013187211006879807
427102,2007,4.0,3.64,0.5942531,0.0009986422955989838
427511,2008,7.0,3.68,0.59386455,0.0011070219334214926
427823,2009,5.0,3.71,0.5935681500000001,0.0004917334881611168
428138,2010,5.0,3.76,0.5932689,0.0011640125885605812
428604,2011,8.0,3.83,0.5928262,0.000867612601723522
428760,2012,1.0,3.77,0.592678,0.0008662141626700759
429050,2013,4.0,3.81,0.5924025,0.0011836863122880459
429175,2014,0.0,3.79,0.59228375,0.0008879610104486346
429381,2015,2.0,3.8,0.5920880500000001,0.001424343790858984
429581,2016,2.0,3.81,0.59189805,0.0004923396045342088
429765,2017,2.0,3.78,0.59172325,0.0012969181407243013
430003,2018,3.0,3.77,0.5914971499999999,0.0012935723643749952
430388,2019,8.0,3.85,0.5911314000000001,0.0005428788717836142
430849,2020,10.0,3.91,0.5906934500000001,0.0011596712283790112
431052,2021,2.0,3.85,0.5905006,0.0016004802891984582
431348,2022,4.0,3.85,0.5902194000000001,0.0013713865773752332
431472,2023,0.0,3.81,0.5901016,0.0006975976284593344
431817,2024,6.0,3.82,0.58977385,0.0005302716745063663
432100,2025,4.0,3.81,0.5895050000000001,0.0006691809394396842
432354,2026,4.0,3.79,0.5892637000000001,0.0008632003446109593
432575,2027,3.0,3.81,0.58905375,0.0011124992743134499
432707,2028,0.0,3.81,0.58892835,0.0009916609851643443
432909,2029,2.0,3.75,0.5887364500000001,0.0005013136542402208
433067,2030,1.0,3.75,0.58858635,0.0008375708130188286
433283,2031,3.0,3.72,0.58838115,0.0012415613746270537
433616,2032,5.0,3.73,0.5880647999999999,0.0014386598486453295
433869,2033,3.0,3.75,0.58782445,0.0009467822383157909
434201,2034,5.0,3.77,0.58750905,0.0004844267969019711
434526,2035,4.0,3.72,0.5872003,0.0004622421693056822
434964,2036,7.0,3.75,0.5867842,0.0011329404078423977
435204,2037,3.0,3.75,0.5865562,0.0007873185677453876
435510,2038,5.0,3.79,0.5862655,0.001098371809348464
435650,2039,0.0,3.77,0.5861325000000001,0.0003588118706829846
436074,2040,7.0,3.8,0.5857297,0.0010437896708026528
436345,2041,3.0,3.81,0.58547225,0.000801378337200731
436573,2042,2.0,3.79,0.58525565,0.0011758692562580109
436886,2043,5.0,3.81,0.5849583,0.0008761168573983014
437157,2044,4.0,3.78,0.5847008499999999,0.0003189109265804291
437660,2045,10.0,3.86,0.584223,0.00036398571683093905
438014,2046,6.0,3.88,0.5838867,0.00045858032535761595
438214,2047,2.0,3.85,0.5836967,0.0009991010883823037
438381,2048,1.0,3.79,0.58353805,0.0005241843755356967
438607,2049,2.0,3.74,0.58332335,0.0005415089544840157
438983,2050,6.0,3.71,0.5829661500000001,0.0007804984925314784
439506,2051,10.0,3.76,0.5824693000000001,0.0008562246803194284
439897,2052,6.0,3.76,0.58209785,0.0002654239069670439
440271,2053,5.0,3.74,0.58174255,0.0009457873529754579
440522,2054,3.0,3.74,0.5815041000000001,0.0007294797105714679
440751,2055,3.0,3.74,0.58128655,0.000437076116213575
441313,2056,13.0,3.85,0.58075265,0.00040496751898899674
441438,2057,0.0,3.85,0.5806339,0.00033868299215100706
441742,2058,4.0,3.87,0.5803451,0.0021100370213389397
441921,2059,2.0,3.89,0.58017505,0.0018055294640362263
442230,2060,5.0,3.91,0.5798814999999999,0.0015127661172300577
442506,2061,4.0,3.95,0.5796193000000001,0.0012438378762453794
442787,2062,4.0,3.96,0.57935235,0.0009190617129206657
443107,2063,6.0,3.95,0.5790483500000001,0.0009557339362800121
443382,2064,4.0,3.93,0.5787871,0.0012608180986717343
443557,2065,1.0,3.89,0.5786208500000001,0.00048270256957039237
443726,2066,1.0,3.88,0.5784603,0.001264549675397575
444005,2067,4.0,3.86,0.57819525,0.0011434608604758978
444209,2068,2.0,3.86,0.57800145,0.000502793409395963
444571,2069,6.0,3.89,0.5776575500000001,0.0007863918435759842
444695,2070,0.0,3.85,0.57753975,0.0007905525271780789
445057,2071,6.0,3.87,0.5771958500000001,0.0005618779105134308
445311,2072,3.0,3.88,0.57695455,0.0003447949711699039
445544,2073,3.0,3.88,0.5767332000000001,0.001389445853419602
445822,2074,4.0,3.91,0.5764691,0.0003385353193152696
446166,2075,6.0,3.9,0.5761423,0.00021243304945528507
446476,2076,5.0,3.94,0.5758478,0.0003479632141534239
446850,2077,6.0,3.99,0.5754925,0.0007280443096533418
446977,2078,0.0,3.96,0.57537185,0.000538594729732722
447241,2079,4.0,3.93,0.57512105,0.0007835880969651043
447518,2080,4.0,3.94,0.5748579,0.001029368257150054
447720,2081,2.0,3.91,0.574666,0.001065481686964631
447925,2082,2.0,3.9,0.57447125,0.0005375786568038166
448175,2083,3.0,3.88,0.5742337500000001,0.000806453637778759
448612,2084,8.0,3.9,0.5738186000000001,0.000956648145802319
448859,2085,3.0,3.9,0.57358395,0.0011015412164852023
449090,2086,3.0,3.92,0.5733645,0.0004489071434363723
449355,2087,4.0,3.93,0.57311275,0.0010559691581875086
449639,2088,4.0,3.92,0.5728429500000001,0.0009023877209983766
449811,2089,1.0,3.9,0.5726795499999999,0.0011252998374402523
450099,2090,4.0,3.92,0.57240595,0.0009957203874364495
450257,2091,1.0,3.87,0.57225585,0.0013877893798053265
450535,2092,4.0,3.86,0.57199175,0.0008833023020997643
450659,2093,0.0,3.84,0.5718739500000001,0.0008751970017328858
450930,2094,3.0,3.87,0.5716165,0.0005305291269905865
451131,2095,2.0,3.89,0.5714255500000001,0.0007950484286993742
451498,2096,5.0,3.9,0.5710769,0.001131974859163165
451947,2097,8.0,3.94,0.57065035,0.0007802461041137576
452164,2098,2.0,3.94,0.5704442000000001,0.0004929419374093413
452419,2099,3.0,3.91,0.57020195,0.0007576027419418097
452653,2100,3.0,3.84,0.5699796500000001,0.0008065177826210856
453022,2101,6.0,3.85,0.5696291,0.0006102304905653
453223,2102,2.0,3.84,0.5694381500000001,0.000729755440261215
453562,2103,6.0,3.85,0.5691161,0.0010338989086449146
453934,2104,6.0,3.84,0.5687627,0.0007870583795011044
454125,2105,2.0,3.83,0.56858125,0.00077975750900805
454407,2106,4.0,3.85,0.5683133499999999,0.001785376574844122
454645,2107,3.0,3.84,0.56808725,0.0008797775954008102
455035,2108,7.0,3.84,0.56771675,0.0011585155734792352
455163,2109,0.0,3.79,0.56759515,0.001060795271769166
455504,2110,6.0,3.8,0.5672712,0.00046191783621907234
455706,2111,2.0,3.74,0.5670793000000001,0.00056487723486498
455934,2112,3.0,3.76,0.5668626999999999,0.00017048715380951762
456232,2113,5.0,3.77,0.5665796000000001,0.0004902479122392833
456687,2114,8.0,3.85,0.56614735,0.0005031474865972996
456862,2115,1.0,3.84,0.5659811,0.0002514008083380759
457142,2116,4.0,3.86,0.5657151,0.0007526062545366585
457424,2117,4.0,3.88,0.5654472,0.0012075607664883137
457714,2118,4.0,3.89,0.5651717,0.0006608247058466077
457967,2119,3.0,3.84,0.5649313499999999,0.00039962976006790996
458166,2120,2.0,3.76,0.5647423,0.0002830290177371353
458582,2121,6.0,3.8,0.5643471,0.000621053040958941
458928,2122,6.0,3.82,0.5640184,0.000995506183244288
459254,2123,5.0,3.87,0.5637087000000001,0.0006186274695210159
459600,2124,5.0,3.86,0.56338,0.0010886391391977668
459817,2125,3.0,3.85,0.5631738500000001,0.0004554711631499231
460148,2126,5.0,3.86,0.5628594,0.001218505552969873
460634,2127,9.0,3.92,0.5623977,0.0010097320191562176
460983,2128,7.0,3.99,0.56206615,0.0008642860921099782
461340,2129,5.0,4.02,0.5617270000000001,0.0016867914237082005
461777,2130,7.0,4.08,0.5613118500000001,0.0007370921666733921
462011,2131,3.0,4.08,0.5610895499999999,0.0009557588491588831
462268,2132,4.0,4.07,0.5608454,0.0011759098852053285
462810,2133,10.0,4.14,0.5603305000000001,0.0007941554649733007
463037,2134,2.0,4.11,0.56011485,0.0003699971130117774
463159,2135,0.0,4.07,0.55999895,0.0004685007152147591
463529,2136,5.0,4.05,0.5596474499999999,0.0007843150524422526
463684,2137,1.0,4.03,0.5595002,0.000632337003480643
464005,2138,5.0,4.03,0.55919525,0.0007302043959498405
464319,2139,5.0,4.08,0.5588969500000001,0.0005586922634392977
464613,2140,4.0,4.05,0.55861765,0.00043757082312367857
464974,2141,7.0,4.09,0.5582747,0.0004701390862464905
465175,2142,2.0,4.09,0.55808375,0.00033076154068112373
465549,2143,6.0,4.1,0.55772845,0.0007565928972326219
465881,2144,6.0,4.12,0.5574130500000001,0.00021358029334805906
466258,2145,6.0,4.08,0.5570549,0.0011426967103034258
466481,2146,2.0,4.04,0.5568430500000001,0.0005119630368426442
466766,2147,4.0,4.06,0.5565723,0.0006814132211729884
467177,2148,6.0,4.11,0.55618185,0.0003098341403529048
467359,2149,2.0,4.11,0.5560089500000001,0.0006099651800468564
467563,2150,2.0,4.07,0.55581515,0.0004617906524799764
467977,2151,9.0,4.06,0.5554218500000001,0.0006354046636261046
468329,2152,7.0,4.07,0.55508745,0.00019966877880506217
468584,2153,3.0,4.05,0.5548452,0.00038718071300536394
468778,2154,2.0,4.04,0.5546609,0.0009939774172380567
468905,2155,0.0,4.01,0.5545402500000001,0.00043875991832464933
469255,2156,5.0,3.93,0.55420775,0.00044973904732614756
469481,2157,2.0,3.95,0.5539930500000001,0.0006573116988874972
469640,2158,1.0,3.92,0.553842,0.0006160307675600052
469900,2159,3.0,3.93,0.5535950000000001,0.0003770257462747395
470071,2160,1.0,3.89,0.55343255,0.001377732609398663
470434,2161,5.0,3.9,0.5530877000000001,0.0012096234131604433
470864,2162,7.0,3.93,0.5526792,0.000729059218429029
471285,2163,6.0,3.93,0.55227925,0.0003090734244324267
471413,2164,0.0,3.89,0.55215765,0.00013462270726449788
471713,2165,4.0,3.92,0.55187265,0.0007741618901491165
472122,2166,7.0,3.98,0.5514841,0.0007646195008419454
472357,2167,2.0,3.96,0.55126085,0.0006611089920625091
472878,2168,10.0,4.04,0.5507659,0.00197893800213933
473101,2169,2.0,4.0,0.55055405,0.0009631620487198234
473274,2170,1.0,4.01,0.5503897,0.0007460722699761391
473564,2171,4.0,3.99,0.5501142000000001,0.001235918141901493
473817,2172,3.0,3.99,0.54987385,0.0006249686703085899
473947,2173,0.0,3.96,0.54975035,0.0006063490873202682
474289,2174,5.0,3.97,0.54942545,0.0006415898678824306
474655,2175,5.0,3.96,0.54907775,0.0003233493771404028
474877,2176,2.0,3.93,0.54886685,0.0004230531631037593
475139,2177,4.0,3.91,0.54861795,0.000778515066485852
475564,2178,7.0,3.98,0.5482142000000001,0.0005739965126849711
475921,2179,6.0,4.0,0.54787505,0.0001929177960846573
476266,2180,6.0,4.02,0.5475473,0.00048012740444391966
476486,2181,2.0,4.02,0.5473383,0.000358763849362731
476641,2182,1.0,4.01,0.54719105,0.0006609378033317626
477017,2183,5.0,4.03,0.5468338500000001,0.0005433372571133077
477288,2184,3.0,3.98,0.5465764,0.0004959522048011422
477568,2185,4.0,3.99,0.5463104000000001,0.0002812391612678766
477811,2186,3.0,3.99,0.54607955,0.0003407383046578616
478045,2187,3.0,3.98,0.5458572500000001,0.00041780318133533
478279,2188,3.0,3.97,0.54563495,0.0002190063678426668
478495,2189,3.0,3.99,0.54542975,0.0006245645927265286
478772,2190,4.0,3.99,0.5451666000000001,0.000396094867028296
479007,2191,3.0,4.01,0.54494335,0.0007673625950701535
479166,2192,1.0,3.98,0.5447923000000001,0.00034200921072624624
479666,2193,9.0,4.07,0.5443173000000001,0.000898615806363523
480015,2194,6.0,4.1,0.54398575,0.0006752979243174195
480429,2195,7.0,4.15,0.54359245,0.00045338075142353773
480590,2196,1.0,4.11,0.5434395000000001,0.000327353976899758
480929,2197,5.0,4.08,0.54311745,0.0007025179220363498
481140,2198,2.0,4.08,0.542917,0.00043729139724746346
481358,2199,3.0,4.08,0.5427099,0.0006607904797419906
481648,2200,5.0,4.1,0.5424344,0.0007889227708801627
482104,2201,7.0,4.11,0.5420012000000001,0.0003769001050386578
482360,2202,3.0,4.12,0.541758,0.00033260692725889385
482577,2203,3.0,4.09,0.5415518500000001,0.0010646930895745754
482844,2204,3.0,4.06,0.5412982,0.0005388789577409625
483287,2205,7.0,4.11,0.5408773499999999,0.0006444613100029528
483515,2206,2.0,4.09,0.54066075,0.0005411675665527582
483745,2207,2.0,4.08,0.54044225,0.0005276506999507546
484098,2208,5.0,4.06,0.5401069000000001,0.00032399865449406207
484260,2209,1.0,4.07,0.539953,0.0007113510509952903
484666,2210,8.0,4.09,0.5395673000000001,0.00038561137625947595
484961,2211,4.0,4.11,0.53928705,0.0010981886880472302
485286,2212,5.0,4.13,0.5389783,0.0006318718660622835
485709,2213,7.0,4.15,0.5385764500000001,0.0006853953818790615
485918,2214,2.0,4.09,0.5383779,0.0006536776199936867
486295,2215,6.0,4.14,0.53801975,0.0006007307674735785
486490,2216,2.0,4.12,0.5378345,0.0010572270257398486
486774,2217,4.0,4.12,0.5375647000000001,0.0005721829948015511
487016,2218,3.0,4.11,0.5373348,0.0006559684406965971
487195,2219,2.0,4.1,0.5371647500000001,0.0004939164500683546
487475,2220,4.0,4.12,0.53689875,0.0010793431429192424
487736,2221,4.0,4.1,0.5366508000000001,0.00046708251466043293
488045,2222,5.0,4.09,0.53635725,0.00039071126957423985
488448,2223,7.0,4.11,0.5359744,0.0005334068555384874
488711,2224,3.0,4.09,0.5357245500000001,0.0009037729469127953
489097,2225,7.0,4.13,0.53535785,0.00029680453008040786
489387,2226,4.0,4.12,0.5350823499999999,0.00029570478363893926
489786,2227,7.0,4.1,0.5347033000000001,0.0006088013760745525
490124,2228,5.0,4.08,0.5343822,0.0009477462153881788
490336,2229,2.0,4.05,0.5341808,0.0006226995028555393
490551,2230,3.0,4.01,0.53397655,0.0015105345519259572
491007,2231,8.0,4.06,0.53354335,0.0003580651246011257
491242,2232,3.0,4.05,0.5333201000000001,0.0005832437891513109
491463,2233,2.0,3.97,0.5331101500000001,0.0005345387617126107
491621,2234,1.0,3.96,0.53296005,0.0006432751542888582
491988,2235,6.0,4.02,0.5326114,0.0005104488227516413
492355,2236,5.0,4.02,0.53226275,0.00043718249071389437
492691,2237,5.0,4.06,0.53194355,0.0005882667028345168
492911,2238,2.0,4.03,0.53173455,0.0004304157628212124
493224,2239,4.0,4.02,0.5314372,0.0005326432874426246
493568,2240,5.0,4.03,0.5311104,0.00033443220308981836
493824,2241,3.0,3.99,0.5308672000000001,0.00035453535383567214
494171,2242,5.0,4.02,0.53053755,0.0005912158521823585
494499,2243,5.0,4.01,0.53022595,0.00039516756078228354
494831,2244,5.0,4.0,0.52991055,0.00036239519249647856
495114,2245,4.0,3.98,0.5296417,0.0004217039095237851
495498,2246,7.0,4.03,0.5292769,0.000524129020050168
495883,2247,6.0,4.05,0.52891115,0.0002074563381029293
496148,2248,3.0,4.02,0.5286594,0.00033164938213303685
496363,2249,2.0,4.02,0.5284551500000001,0.000340427941409871
496812,2250,8.0,4.08,0.5280286000000001,0.00027549444348551333
497013,2251,2.0,4.01,0.52783765,0.0003040860465262085
497263,2252,3.0,3.97,0.52760015,0.0005884820129722357
497577,2253,5.0,3.99,0.52730185,0.0004816434229724109
497803,2254,2.0,3.99,0.5270871500000001,0.0003888517676386982
498089,2255,3.0,4.02,0.52681545,0.00015149061800912023
498376,2256,4.0,4.01,0.5265428000000001,0.000257999578025192
498777,2257,6.0,4.05,0.52616185,0.00038469076389446855
498992,2258,2.0,4.06,0.5259576,0.0006008989876136184
499318,2259,5.0,4.08,0.5256479000000001,0.00024832197232171893
499497,2260,1.0,4.08,0.52547785,0.000847154704388231
499686,2261,2.0,4.05,0.5252983,0.0007257859106175601
499934,2262,4.0,4.02,0.5250627000000001,0.0003713846090249717
